{"v":"5.7.8","fr":25,"ip":2,"op":69,"w":720,"h":720,"nm":"military_push_ups","ddd":0,"assets":[{"id":"comp_0","layers":[{"ddd":0,"ind":1,"ty":4,"nm":"ban tay R","sr":1,"ks":{"o":{"a":0,"k":100,"ix":11},"r":{"a":0,"k":0,"ix":10},"p":{"a":0,"k":[463.556,678.639,0],"ix":2,"l":2},"a":{"a":0,"k":[0,0,0],"ix":1,"l":2},"s":{"a":0,"k":[100,100,100],"ix":6,"l":2}},"ao":0,"shapes":[{"ty":"gr","it":[{"ind":0,"ty":"sh","ix":1,"ks":{"a":0,"k":{"i":[[0,0],[-4.248,-0.915],[-7.516,0.458],[-2.549,-0.588],[-1.046,2.157],[-1.329,0.741],[-0.381,0.697],[-0.416,1.222],[3.206,1.153],[0,0],[0,0],[0.098,1.297],[0.228,0.029],[3.504,0.751],[2.309,0.654],[3.965,-0.871]],"o":[[0,0],[0,0],[0,0],[0,0],[0,0],[0,0],[0,0],[0,0],[-3.371,-1.213],[0,0],[0,0],[-0.017,-0.23],[-0.986,-0.127],[0,0],[0,0],[0,0]],"v":[[-27.839,-4.189],[-22.783,4.209],[-5.529,6.17],[12.314,8.457],[16.039,6.889],[23.795,7.673],[25.026,6.693],[27.717,5.906],[25.429,2.706],[22.031,1.573],[11.05,-1.869],[12.393,-3.778],[11.982,-4.23],[4.428,-5.529],[-5.594,-8.143],[-13.829,-8.143]],"c":true},"ix":2},"nm":"Path 1","mn":"ADBE Vector Shape - Group","hd":false},{"ty":"fl","c":{"a":0,"k":[0.878431379795,0.760784327984,0.68235296011,1],"ix":4},"o":{"a":0,"k":100,"ix":5},"r":1,"bm":0,"nm":"Fill 1","mn":"ADBE Vector Graphic - Fill","hd":false},{"ty":"tr","p":{"a":0,"k":[0,0],"ix":2},"a":{"a":0,"k":[0,0],"ix":1},"s":{"a":0,"k":[100,100],"ix":3},"r":{"a":0,"k":0,"ix":6},"o":{"a":0,"k":100,"ix":7},"sk":{"a":0,"k":0,"ix":4},"sa":{"a":0,"k":0,"ix":5},"nm":"Transform"}],"nm":"ban tay R","np":2,"cix":2,"bm":0,"ix":1,"mn":"ADBE Vector Group","hd":false}],"ip":0,"op":125,"st":0,"bm":0},{"ddd":0,"ind":2,"ty":4,"nm":"cang tay R","sr":1,"ks":{"o":{"a":0,"k":100,"ix":11},"r":{"a":1,"k":[{"i":{"x":[0.579],"y":[0.414]},"o":{"x":[0.231],"y":[0]},"t":5,"s":[0]},{"i":{"x":[0.644],"y":[0.583]},"o":{"x":[0.307],"y":[0.436]},"t":9.728,"s":[-4.115]},{"i":{"x":[0.662],"y":[0.827]},"o":{"x":[0.328],"y":[0.187]},"t":13.272,"s":[-7.147]},{"i":{"x":[0.658],"y":[0.744]},"o":{"x":[0.323],"y":[0.164]},"t":14.454,"s":[-9.223]},{"i":{"x":[0.665],"y":[0.706]},"o":{"x":[0.33],"y":[0.744]},"t":18,"s":[-15.481]},{"i":{"x":[0.7],"y":[1]},"o":{"x":[0.35],"y":[-4.26]},"t":21.546,"s":[-17.562]},{"i":{"x":[0.7],"y":[1]},"o":{"x":[0.167],"y":[0]},"t":31,"s":[-17.162]},{"i":{"x":[0.65],"y":[5.26]},"o":{"x":[0.3],"y":[0]},"t":37,"s":[-17.162]},{"i":{"x":[0.67],"y":[0.256]},"o":{"x":[0.335],"y":[0.294]},"t":46.454,"s":[-17.562]},{"i":{"x":[0.677],"y":[0.836]},"o":{"x":[0.342],"y":[0.256]},"t":50,"s":[-15.481]},{"i":{"x":[0.672],"y":[0.813]},"o":{"x":[0.338],"y":[0.173]},"t":53.546,"s":[-9.223]},{"i":{"x":[0.693],"y":[0.564]},"o":{"x":[0.356],"y":[0.417]},"t":54.728,"s":[-7.147]},{"i":{"x":[0.769],"y":[1]},"o":{"x":[0.421],"y":[0.586]},"t":58.272,"s":[-4.115]},{"t":63,"s":[0]}],"ix":10},"p":{"a":1,"k":[{"i":{"x":0.667,"y":0.667},"o":{"x":0.333,"y":0.333},"t":5,"s":[443.878,673.998,0],"to":[0,0,0],"ti":[0,0,0]},{"i":{"x":0.667,"y":0.667},"o":{"x":0.167,"y":0.167},"t":31,"s":[443.878,673.998,0],"to":[0,0,0],"ti":[0,0,0]},{"i":{"x":0.667,"y":0.667},"o":{"x":0.333,"y":0.333},"t":37,"s":[443.878,673.998,0],"to":[0,0,0],"ti":[0,0,0]},{"t":63,"s":[443.878,673.998,0]}],"ix":2,"l":2},"a":{"a":0,"k":[6.625,43.5,0],"ix":1,"l":2},"s":{"a":0,"k":[100,100,100],"ix":6,"l":2}},"ao":0,"shapes":[{"ty":"gr","it":[{"ind":0,"ty":"sh","ix":1,"ks":{"a":1,"k":[{"i":{"x":0.833,"y":0.859},"o":{"x":0.167,"y":0},"t":5,"s":[{"i":[[1.721,-7.974],[-4.314,-23.137],[-4.575,-11.895],[-6.666,4.444],[0,0],[-0.261,19.869],[7.32,14.64],[6.797,-0.05]],"o":[[0,0],[0,0],[0,0],[0,0],[0,0],[0,0],[0,0],[0,0]],"v":[[-13.364,-39.346],[-11.708,9.541],[-1.251,44.704],[8.291,44.704],[14.174,39.737],[8.814,4.574],[8.376,-39.317],[-3.473,-46.666]],"c":true}]},{"i":{"x":0.833,"y":0.859},"o":{"x":0.167,"y":0.141},"t":13.272,"s":[{"i":[[1.171,-8.154],[-4.314,-23.137],[-4.575,-11.895],[-6.392,3.63],[0,0],[-0.261,19.869],[7.311,13.126],[7.194,-0.497]],"o":[[0,0],[0,0],[0,0],[0,0],[0,0],[0,0],[-0.908,-1.114],[0,0]],"v":[[-13.698,-32.609],[-11.708,9.541],[-1.251,44.704],[8.359,45.345],[14.075,40.917],[8.862,8.34],[8.347,-34.63],[-4.693,-40.515]],"c":true}]},{"i":{"x":0.667,"y":1},"o":{"x":0.167,"y":0.141},"t":18,"s":[{"i":[[1.232,-7.77],[-4.314,-23.137],[-4.575,-11.895],[-6.207,3.085],[0,0],[-0.261,19.869],[7.304,12.112],[7.459,-0.796]],"o":[[0,0],[0,0],[0,0],[0,0],[0,0],[0,0],[-1.516,-1.86],[0,0]],"v":[[-14.032,-28.235],[-11.708,9.541],[-1.251,44.704],[8.405,45.775],[14.009,41.708],[8.976,10.89],[8.336,-31.055],[-5.662,-37.068]],"c":true}]},{"i":{"x":0.667,"y":1},"o":{"x":0.167,"y":0},"t":31,"s":[{"i":[[0.097,-8.505],[-4.314,-23.137],[-4.575,-11.895],[-5.855,2.04],[0,0],[-0.261,19.869],[7.292,10.17],[7.968,-1.369]],"o":[[0,0],[0,0],[0,0],[0,0],[0,0],[0,0],[-2.68,-3.288],[0,0]],"v":[[-14.67,-19.864],[-11.708,9.541],[-1.251,44.704],[8.492,46.597],[13.882,43.222],[9.195,15.768],[8.317,-24.213],[-7.515,-30.471]],"c":true}]},{"i":{"x":0.833,"y":0.859},"o":{"x":0.333,"y":0},"t":37,"s":[{"i":[[0.097,-8.505],[-4.314,-23.137],[-4.575,-11.895],[-5.855,2.04],[0,0],[-0.261,19.869],[7.292,10.17],[7.968,-1.369]],"o":[[0,0],[0,0],[0,0],[0,0],[0,0],[0,0],[-2.68,-3.288],[0,0]],"v":[[-14.67,-19.864],[-11.708,9.541],[-1.251,44.704],[8.492,46.597],[13.882,43.222],[9.195,15.768],[8.317,-24.213],[-7.515,-30.471]],"c":true}]},{"i":{"x":0.833,"y":0.859},"o":{"x":0.167,"y":0.141},"t":50,"s":[{"i":[[1.232,-7.77],[-4.314,-23.137],[-4.575,-11.895],[-6.207,3.085],[0,0],[-0.261,19.869],[7.304,12.112],[7.459,-0.796]],"o":[[0,0],[0,0],[0,0],[0,0],[0,0],[0,0],[-1.516,-1.86],[0,0]],"v":[[-14.032,-28.235],[-11.708,9.541],[-1.251,44.704],[8.405,45.775],[14.009,41.708],[8.976,10.89],[8.336,-31.055],[-5.662,-37.068]],"c":true}]},{"i":{"x":0.833,"y":1},"o":{"x":0.167,"y":0.141},"t":54.728,"s":[{"i":[[1.171,-8.154],[-4.314,-23.137],[-4.575,-11.895],[-6.392,3.63],[0,0],[-0.261,19.869],[7.311,13.126],[7.194,-0.497]],"o":[[0,0],[0,0],[0,0],[0,0],[0,0],[0,0],[-0.908,-1.114],[0,0]],"v":[[-13.698,-32.609],[-11.708,9.541],[-1.251,44.704],[8.359,45.345],[14.075,40.917],[8.862,8.34],[8.347,-34.63],[-4.693,-40.515]],"c":true}]},{"t":63,"s":[{"i":[[1.721,-7.974],[-4.314,-23.137],[-4.575,-11.895],[-6.666,4.444],[0,0],[-0.261,19.869],[7.32,14.64],[6.797,-0.05]],"o":[[0,0],[0,0],[0,0],[0,0],[0,0],[0,0],[0,0],[0,0]],"v":[[-13.364,-39.346],[-11.708,9.541],[-1.251,44.704],[8.291,44.704],[14.174,39.737],[8.814,4.574],[8.376,-39.317],[-3.473,-46.666]],"c":true}]}],"ix":2},"nm":"Path 1","mn":"ADBE Vector Shape - Group","hd":false},{"ty":"fl","c":{"a":0,"k":[0.878431379795,0.760784327984,0.68235296011,1],"ix":4},"o":{"a":0,"k":100,"ix":5},"r":1,"bm":0,"nm":"Fill 1","mn":"ADBE Vector Graphic - Fill","hd":false},{"ty":"tr","p":{"a":0,"k":[0,0],"ix":2},"a":{"a":0,"k":[0,0],"ix":1},"s":{"a":0,"k":[100,100],"ix":3},"r":{"a":0,"k":0,"ix":6},"o":{"a":0,"k":100,"ix":7},"sk":{"a":0,"k":0,"ix":4},"sa":{"a":0,"k":0,"ix":5},"nm":"Transform"}],"nm":"cang tay R","np":2,"cix":2,"bm":0,"ix":1,"mn":"ADBE Vector Group","hd":false}],"ip":0,"op":125,"st":0,"bm":0},{"ddd":0,"ind":3,"ty":4,"nm":"canh tay R","parent":4,"sr":1,"ks":{"o":{"a":0,"k":100,"ix":11},"r":{"a":0,"k":5.659,"ix":10},"p":{"a":0,"k":[-3.725,-0.207,0],"ix":2,"l":2},"a":{"a":0,"k":[3,-39,0],"ix":1,"l":2},"s":{"a":0,"k":[100,100,100],"ix":6,"l":2}},"ao":0,"shapes":[{"ty":"gr","it":[{"ind":0,"ty":"sh","ix":1,"ks":{"a":1,"k":[{"i":{"x":0.833,"y":0.859},"o":{"x":0.167,"y":0},"t":5,"s":[{"i":[[6.226,-10.542],[-2.002,-40.424],[-10.806,-2.614],[-5.054,21.612],[4.504,19.962],[10.951,1.293]],"o":[[0,0],[0,0],[0,0],[0,0],[0,0],[0,0]],"v":[[-10.913,-41.341],[-14.434,30.541],[-6.06,48.156],[11.02,26.893],[15.724,-38.214],[3.612,-50.051]],"c":true}]},{"i":{"x":0.833,"y":0.859},"o":{"x":0.167,"y":0.141},"t":10.909,"s":[{"i":[[6.226,-10.542],[-2.647,-40.714],[-8.089,-2.196],[-4.811,19.368],[4.504,19.962],[10.951,1.293]],"o":[[0,0],[0,0],[0,0],[0,0],[0,0],[0,0]],"v":[[-10.863,-41.34],[-15.046,29.898],[-5.808,43.23],[10.954,26.892],[16.499,-38.208],[3.612,-50.051]],"c":true}]},{"i":{"x":0.833,"y":0.859},"o":{"x":0.167,"y":0.141},"t":14.454,"s":[{"i":[[6.226,-10.542],[-3.12,-40.926],[-7.92,-2.155],[-4.632,17.725],[4.504,19.962],[10.951,1.293]],"o":[[0,0],[0,0],[0,0],[0,0],[0,0],[0,0]],"v":[[-10.827,-41.34],[-15.494,29.427],[-5.413,42.462],[10.906,26.892],[17.068,-38.203],[3.612,-50.051]],"c":true}]},{"i":{"x":0.833,"y":0.859},"o":{"x":0.167,"y":0.141},"t":15.637,"s":[{"i":[[6.226,-10.542],[-3.272,-40.995],[-8.005,-2.607],[-4.692,18.28],[4.504,19.962],[10.951,1.293]],"o":[[0,0],[0,0],[0,0],[0,0],[0,0],[0,0]],"v":[[-10.815,-41.34],[-15.597,29.448],[-5.036,42.323],[10.89,26.891],[17.251,-38.201],[3.612,-50.051]],"c":true}]},{"i":{"x":0.833,"y":0.859},"o":{"x":0.167,"y":0.141},"t":18,"s":[{"i":[[6.226,-10.542],[-3.576,-41.132],[-9.537,-2.216],[-4.813,19.391],[4.504,19.962],[10.951,1.293]],"o":[[0,0],[0,0],[0,0],[0,0],[0,0],[0,0]],"v":[[-10.792,-41.34],[-15.803,29.491],[-5.133,43.19],[10.859,26.891],[17.617,-38.198],[3.612,-50.051]],"c":true}]},{"i":{"x":0.833,"y":0.859},"o":{"x":0.167,"y":0.141},"t":21.546,"s":[{"i":[[6.226,-10.542],[-4.004,-41.324],[-10.38,-2.214],[-4.766,18.063],[4.504,19.962],[10.951,1.293]],"o":[[0,0],[0,0],[0,0],[0,0],[0,0],[0,0]],"v":[[-9.455,-41.618],[-15.042,27.951],[-3.849,41.99],[12.119,26.613],[19.435,-38.472],[4.916,-50.329]],"c":true}]},{"i":{"x":0.667,"y":1},"o":{"x":0.167,"y":0.141},"t":25.091,"s":[{"i":[[6.226,-10.542],[-4.386,-41.496],[-11.135,-2.212],[-4.606,18.716],[4.504,19.962],[10.951,1.293]],"o":[[0,0],[0,0],[0,0],[0,0],[0,0],[0,0]],"v":[[-8.259,-41.866],[-14.225,28.292],[-2.775,42.721],[13.247,26.363],[21.062,-38.717],[6.083,-50.578]],"c":true}]},{"i":{"x":0.667,"y":1},"o":{"x":0.167,"y":0},"t":31,"s":[{"i":[[6.226,-10.542],[-4.793,-41.679],[-11.938,-2.209],[-5.054,21.612],[4.504,19.962],[10.951,1.293]],"o":[[0,0],[0,0],[0,0],[0,0],[0,0],[0,0]],"v":[[-6.987,-42.131],[-13.356,28.655],[-2.187,45.222],[14.447,26.098],[22.793,-38.978],[7.324,-50.843]],"c":true}]},{"i":{"x":0.833,"y":0.859},"o":{"x":0.333,"y":0},"t":37,"s":[{"i":[[6.226,-10.542],[-4.793,-41.679],[-11.938,-2.209],[-5.054,21.612],[4.504,19.962],[10.951,1.293]],"o":[[0,0],[0,0],[0,0],[0,0],[0,0],[0,0]],"v":[[-6.987,-42.131],[-13.356,28.655],[-2.187,45.222],[14.447,26.098],[22.793,-38.978],[7.324,-50.843]],"c":true}]},{"i":{"x":0.833,"y":0.859},"o":{"x":0.167,"y":0.141},"t":42.909,"s":[{"i":[[6.226,-10.542],[-4.386,-41.496],[-11.135,-2.212],[-4.606,18.716],[4.504,19.962],[10.951,1.293]],"o":[[0,0],[0,0],[0,0],[0,0],[0,0],[0,0]],"v":[[-8.259,-41.866],[-14.225,28.292],[-2.775,42.721],[13.247,26.363],[21.062,-38.717],[6.083,-50.578]],"c":true}]},{"i":{"x":0.833,"y":0.859},"o":{"x":0.167,"y":0.141},"t":46.454,"s":[{"i":[[6.226,-10.542],[-4.004,-41.324],[-10.38,-2.214],[-4.766,18.063],[4.504,19.962],[10.951,1.293]],"o":[[0,0],[0,0],[0,0],[0,0],[0,0],[0,0]],"v":[[-9.455,-41.618],[-15.042,27.951],[-3.849,41.99],[12.119,26.613],[19.435,-38.472],[4.916,-50.329]],"c":true}]},{"i":{"x":0.833,"y":0.859},"o":{"x":0.167,"y":0.141},"t":50,"s":[{"i":[[6.226,-10.542],[-3.576,-41.132],[-9.537,-2.216],[-4.813,19.391],[4.504,19.962],[10.951,1.293]],"o":[[0,0],[0,0],[0,0],[0,0],[0,0],[0,0]],"v":[[-10.792,-41.34],[-15.803,29.491],[-5.133,43.19],[10.859,26.891],[17.617,-38.198],[3.612,-50.051]],"c":true}]},{"i":{"x":0.833,"y":0.859},"o":{"x":0.167,"y":0.141},"t":52.363,"s":[{"i":[[6.226,-10.542],[-3.272,-40.995],[-8.005,-2.607],[-4.692,18.28],[4.504,19.962],[10.951,1.293]],"o":[[0,0],[0,0],[0,0],[0,0],[0,0],[0,0]],"v":[[-10.815,-41.34],[-15.597,29.448],[-5.036,42.323],[10.89,26.891],[17.251,-38.201],[3.612,-50.051]],"c":true}]},{"i":{"x":0.833,"y":0.859},"o":{"x":0.167,"y":0.141},"t":53.546,"s":[{"i":[[6.226,-10.542],[-3.12,-40.926],[-7.92,-2.155],[-4.632,17.725],[4.504,19.962],[10.951,1.293]],"o":[[0,0],[0,0],[0,0],[0,0],[0,0],[0,0]],"v":[[-10.827,-41.34],[-15.494,29.427],[-5.413,42.462],[10.906,26.892],[17.068,-38.203],[3.612,-50.051]],"c":true}]},{"i":{"x":0.833,"y":1},"o":{"x":0.167,"y":0.141},"t":57.091,"s":[{"i":[[6.226,-10.542],[-2.647,-40.714],[-8.089,-2.196],[-4.811,19.368],[4.504,19.962],[10.951,1.293]],"o":[[0,0],[0,0],[0,0],[0,0],[0,0],[0,0]],"v":[[-10.863,-41.34],[-15.046,29.898],[-5.808,43.23],[10.954,26.892],[16.499,-38.208],[3.612,-50.051]],"c":true}]},{"t":63,"s":[{"i":[[6.226,-10.542],[-2.002,-40.424],[-10.806,-2.614],[-5.054,21.612],[4.504,19.962],[10.951,1.293]],"o":[[0,0],[0,0],[0,0],[0,0],[0,0],[0,0]],"v":[[-10.913,-41.341],[-14.434,30.541],[-6.06,48.156],[11.02,26.893],[15.724,-38.214],[3.612,-50.051]],"c":true}]}],"ix":2},"nm":"Path 1","mn":"ADBE Vector Shape - Group","hd":false},{"ty":"fl","c":{"a":0,"k":[0.878431379795,0.760784327984,0.68235296011,1],"ix":4},"o":{"a":0,"k":100,"ix":5},"r":1,"bm":0,"nm":"Fill 1","mn":"ADBE Vector Graphic - Fill","hd":false},{"ty":"tr","p":{"a":0,"k":[0,0],"ix":2},"a":{"a":0,"k":[0,0],"ix":1},"s":{"a":0,"k":[100,100],"ix":3},"r":{"a":0,"k":0,"ix":6},"o":{"a":0,"k":100,"ix":7},"sk":{"a":0,"k":0,"ix":4},"sa":{"a":0,"k":0,"ix":5},"nm":"Transform"}],"nm":"canh tay R","np":2,"cix":2,"bm":0,"ix":1,"mn":"ADBE Vector Group","hd":false}],"ip":0,"op":125,"st":0,"bm":0},{"ddd":0,"ind":4,"ty":4,"nm":"ba vai R","parent":11,"sr":1,"ks":{"o":{"a":0,"k":100,"ix":11},"r":{"a":1,"k":[{"i":{"x":[0.667],"y":[0.486]},"o":{"x":[0.333],"y":[0]},"t":5,"s":[0]},{"i":{"x":[0.667],"y":[0.506]},"o":{"x":[0.333],"y":[0.328]},"t":9.728,"s":[8.081]},{"i":{"x":[0.667],"y":[0.633]},"o":{"x":[0.333],"y":[0.35]},"t":14.454,"s":[20.741]},{"i":{"x":[0.667],"y":[1]},"o":{"x":[0.333],"y":[0.45]},"t":21.546,"s":[47.594]},{"i":{"x":[0.667],"y":[1]},"o":{"x":[0.167],"y":[0]},"t":31,"s":[76.786]},{"i":{"x":[0.667],"y":[0.55]},"o":{"x":[0.333],"y":[0]},"t":37,"s":[76.786]},{"i":{"x":[0.667],"y":[0.65]},"o":{"x":[0.333],"y":[0.367]},"t":46.454,"s":[47.594]},{"i":{"x":[0.667],"y":[0.672]},"o":{"x":[0.333],"y":[0.494]},"t":53.546,"s":[20.741]},{"i":{"x":[0.667],"y":[1]},"o":{"x":[0.333],"y":[0.514]},"t":58.272,"s":[8.081]},{"t":63,"s":[0]}],"ix":10},"p":{"a":1,"k":[{"i":{"x":0.667,"y":1},"o":{"x":0.333,"y":0},"t":5,"s":[15.442,0.741,0],"to":[0.944,-1.053,0],"ti":[-0.944,1.053,0]},{"i":{"x":0.667,"y":0.667},"o":{"x":0.167,"y":0.167},"t":31,"s":[21.105,-5.578,0],"to":[0,0,0],"ti":[0,0,0]},{"i":{"x":0.667,"y":1},"o":{"x":0.333,"y":0},"t":37,"s":[21.105,-5.578,0],"to":[-0.944,1.053,0],"ti":[0.944,-1.053,0]},{"t":63,"s":[15.442,0.741,0]}],"ix":2,"l":2},"a":{"a":0,"k":[0,0,0],"ix":1,"l":2},"s":{"a":0,"k":[100,100,100],"ix":6,"l":2}},"ao":0,"shapes":[{"ty":"gr","it":[{"ind":0,"ty":"sh","ix":1,"ks":{"a":1,"k":[{"i":{"x":0.667,"y":1},"o":{"x":0.167,"y":0},"t":5,"s":[{"i":[[5.574,-2.619],[1.414,-10.701],[-17.339,-7.599],[-6.818,21.201],[16.078,7.799]],"o":[[-5.79,2.721],[0,0],[0,0],[0,0],[-5.541,-2.688]],"v":[[-9.818,-21.731],[-21.924,-0.555],[-8.514,23.252],[20.863,9.03],[10.702,-22.153]],"c":true}]},{"i":{"x":0.667,"y":1},"o":{"x":0.167,"y":0},"t":31,"s":[{"i":[[5.574,-2.619],[0.624,-10.942],[-14.288,-7.028],[-6.371,19.779],[16.078,7.799]],"o":[[-5.79,2.721],[0,0],[0,0],[0,0],[-5.541,-2.688]],"v":[[-9.818,-21.731],[-21.522,-0.752],[-8.176,22.722],[20.863,9.03],[11.55,-22.554]],"c":true}]},{"i":{"x":0.833,"y":1},"o":{"x":0.333,"y":0},"t":37,"s":[{"i":[[5.574,-2.619],[0.624,-10.942],[-14.288,-7.028],[-6.371,19.779],[16.078,7.799]],"o":[[-5.79,2.721],[0,0],[0,0],[0,0],[-5.541,-2.688]],"v":[[-9.818,-21.731],[-21.522,-0.752],[-8.176,22.722],[20.863,9.03],[11.55,-22.554]],"c":true}]},{"t":63,"s":[{"i":[[5.574,-2.619],[1.414,-10.701],[-17.339,-7.599],[-6.818,21.201],[16.078,7.799]],"o":[[-5.79,2.721],[0,0],[0,0],[0,0],[-5.541,-2.688]],"v":[[-9.818,-21.731],[-21.924,-0.555],[-8.514,23.252],[20.863,9.03],[10.702,-22.153]],"c":true}]}],"ix":2},"nm":"Path 1","mn":"ADBE Vector Shape - Group","hd":false},{"ty":"fl","c":{"a":0,"k":[0.878431379795,0.760784327984,0.68235296011,1],"ix":4},"o":{"a":0,"k":100,"ix":5},"r":1,"bm":0,"nm":"Fill 1","mn":"ADBE Vector Graphic - Fill","hd":false},{"ty":"tr","p":{"a":0,"k":[0,0],"ix":2},"a":{"a":0,"k":[0,0],"ix":1},"s":{"a":0,"k":[100,100],"ix":3},"r":{"a":0,"k":0,"ix":6},"o":{"a":0,"k":100,"ix":7},"sk":{"a":0,"k":0,"ix":4},"sa":{"a":0,"k":0,"ix":5},"nm":"Transform"}],"nm":"ba vai R","np":2,"cix":2,"bm":0,"ix":1,"mn":"ADBE Vector Group","hd":false}],"ip":0,"op":125,"st":0,"bm":0},{"ddd":0,"ind":5,"ty":4,"nm":"dau","parent":9,"sr":1,"ks":{"o":{"a":0,"k":100,"ix":11},"r":{"a":0,"k":-4.43,"ix":10},"p":{"a":0,"k":[2.562,-8.629,0],"ix":2,"l":2},"a":{"a":0,"k":[1141.003,508.855,0],"ix":1,"l":2},"s":{"a":0,"k":[100,100,100],"ix":6,"l":2}},"ao":0,"shapes":[{"ty":"gr","it":[{"ind":0,"ty":"sh","ix":1,"ks":{"a":0,"k":{"i":[[0,0],[0,0],[-0.52,0.358],[0,0]],"o":[[0,0],[0.341,0.531],[0,0],[0,0]],"v":[[-7.999,-1.165],[-5.367,3.65],[-3.793,3.965],[7.999,-4.163]],"c":true},"ix":2},"nm":"Path 1","mn":"ADBE Vector Shape - Group","hd":false},{"ty":"fl","c":{"a":0,"k":[0.878431379795,0.760784327984,0.68235296011,1],"ix":4},"o":{"a":0,"k":100,"ix":5},"r":1,"bm":0,"nm":"Fill 1","mn":"ADBE Vector Graphic - Fill","hd":false},{"ty":"tr","p":{"a":0,"k":[1165.432,535.853],"ix":2},"a":{"a":0,"k":[0,0],"ix":1},"s":{"a":0,"k":[100,100],"ix":3},"r":{"a":0,"k":0,"ix":6},"o":{"a":0,"k":100,"ix":7},"sk":{"a":0,"k":0,"ix":4},"sa":{"a":0,"k":0,"ix":5},"nm":"Transform"}],"nm":"Group 1","np":2,"cix":2,"bm":0,"ix":1,"mn":"ADBE Vector Group","hd":false},{"ty":"gr","it":[{"ty":"gr","it":[{"ind":0,"ty":"sh","ix":1,"ks":{"a":0,"k":{"i":[[0,0],[0,0],[0,0],[0,0]],"o":[[0,0],[0,0],[0,0],[0,0]],"v":[[-8.402,-0.888],[8.402,-4.037],[8.316,1.083],[-7.447,4.037]],"c":true},"ix":2},"nm":"Path 1","mn":"ADBE Vector Shape - Group","hd":false},{"ty":"fl","c":{"a":0,"k":[0.368627458811,0.235294118524,0.133333340287,1],"ix":4},"o":{"a":0,"k":100,"ix":5},"r":1,"bm":0,"nm":"Fill 1","mn":"ADBE Vector Graphic - Fill","hd":false},{"ty":"tr","p":{"a":0,"k":[1162.266,507.296],"ix":2},"a":{"a":0,"k":[0,0],"ix":1},"s":{"a":0,"k":[100,100],"ix":3},"r":{"a":0,"k":0,"ix":6},"o":{"a":0,"k":100,"ix":7},"sk":{"a":0,"k":0,"ix":4},"sa":{"a":0,"k":0,"ix":5},"nm":"Transform"}],"nm":"Group 1","np":2,"cix":2,"bm":0,"ix":1,"mn":"ADBE Vector Group","hd":false},{"ty":"gr","it":[{"ind":0,"ty":"sh","ix":1,"ks":{"a":0,"k":{"i":[[4.768,7.196],[0.819,-5.961],[-1.48,-0.894],[0,0]],"o":[[-4.4,-6.641],[-0.282,2.051],[2.179,1.316],[0,0]],"v":[[7.683,-4.442],[-8.645,1.452],[-6.727,6.355],[-1.008,7.102]],"c":true},"ix":2},"nm":"Path 1","mn":"ADBE Vector Shape - Group","hd":false},{"ty":"fl","c":{"a":0,"k":[0.878431379795,0.760784327984,0.68235296011,1],"ix":4},"o":{"a":0,"k":100,"ix":5},"r":1,"bm":0,"nm":"Fill 1","mn":"ADBE Vector Graphic - Fill","hd":false},{"ty":"tr","p":{"a":0,"k":[1157.695,501.302],"ix":2},"a":{"a":0,"k":[0,0],"ix":1},"s":{"a":0,"k":[100,100],"ix":3},"r":{"a":0,"k":0,"ix":6},"o":{"a":0,"k":100,"ix":7},"sk":{"a":0,"k":0,"ix":4},"sa":{"a":0,"k":0,"ix":5},"nm":"Transform"}],"nm":"Group 2","np":2,"cix":2,"bm":0,"ix":2,"mn":"ADBE Vector Group","hd":false},{"ty":"gr","it":[{"ind":0,"ty":"sh","ix":1,"ks":{"a":0,"k":{"i":[[-4.623,0.866],[0,0],[0.975,5.202],[13.481,-3.42],[8.426,-2.378],[-6.346,0.238],[0,0],[0,0],[-3.529,0.661],[0,0],[-0.412,-2.198],[0,0]],"o":[[0,0],[0,0],[-1.833,-9.782],[-12.185,3.091],[0,0],[2.927,-0.11],[0,0],[2.917,2.093],[0,0],[2.198,-0.412],[0,0],[0.866,4.623]],"v":[[26.668,24.218],[29.031,23.775],[23.297,-6.819],[-5.517,-23.706],[-29.031,-9.936],[-16.357,-4.632],[-8.503,1.947],[-2.634,6.159],[7.457,8.401],[10.8,7.775],[15.527,11.009],[16.727,17.416]],"c":true},"ix":2},"nm":"Path 1","mn":"ADBE Vector Shape - Group","hd":false},{"ty":"fl","c":{"a":0,"k":[0.368627458811,0.235294118524,0.133333340287,1],"ix":4},"o":{"a":0,"k":100,"ix":5},"r":1,"bm":0,"nm":"Fill 1","mn":"ADBE Vector Graphic - Fill","hd":false},{"ty":"tr","p":{"a":0,"k":[1172.005,504.129],"ix":2},"a":{"a":0,"k":[0,0],"ix":1},"s":{"a":0,"k":[100,100],"ix":3},"r":{"a":0,"k":0,"ix":6},"o":{"a":0,"k":100,"ix":7},"sk":{"a":0,"k":0,"ix":4},"sa":{"a":0,"k":0,"ix":5},"nm":"Transform"}],"nm":"Group 3","np":2,"cix":2,"bm":0,"ix":3,"mn":"ADBE Vector Group","hd":false},{"ty":"gr","it":[{"ind":0,"ty":"sh","ix":1,"ks":{"a":0,"k":{"i":[[-8.679,-5.516],[18.706,-7.882],[5.054,-0.204],[-0.387,7.04],[0,0],[-1.838,1.21]],"o":[[9.021,5.733],[-12.147,5.119],[-0.695,0.028],[0,0],[0.239,-2.187],[8.122,-5.347]],"v":[[19.72,-23.867],[16.825,16.643],[-25.264,24.819],[-28.687,17.179],[-27.555,1.512],[-24.468,-4.034]],"c":true},"ix":2},"nm":"Path 1","mn":"ADBE Vector Shape - Group","hd":false},{"ty":"fl","c":{"a":0,"k":[0.878431379795,0.760784327984,0.68235296011,1],"ix":4},"o":{"a":0,"k":100,"ix":5},"r":1,"bm":0,"nm":"Fill 1","mn":"ADBE Vector Graphic - Fill","hd":false},{"ty":"tr","p":{"a":0,"k":[1166.662,512.99],"ix":2},"a":{"a":0,"k":[0,0],"ix":1},"s":{"a":0,"k":[100,100],"ix":3},"r":{"a":0,"k":0,"ix":6},"o":{"a":0,"k":100,"ix":7},"sk":{"a":0,"k":0,"ix":4},"sa":{"a":0,"k":0,"ix":5},"nm":"Transform"}],"nm":"Group 4","np":2,"cix":2,"bm":0,"ix":4,"mn":"ADBE Vector Group","hd":false},{"ty":"tr","p":{"a":0,"k":[1166.662,512.99],"ix":2},"a":{"a":0,"k":[1166.662,512.99],"ix":1},"s":{"a":0,"k":[100,100],"ix":3},"r":{"a":0,"k":0,"ix":6},"o":{"a":0,"k":100,"ix":7},"sk":{"a":0,"k":0,"ix":4},"sa":{"a":0,"k":0,"ix":5},"nm":"Transform"}],"nm":"Group 2","np":4,"cix":2,"bm":0,"ix":2,"mn":"ADBE Vector Group","hd":false}],"ip":0,"op":125,"st":0,"bm":0},{"ddd":0,"ind":6,"ty":4,"nm":"nach","parent":11,"sr":1,"ks":{"o":{"a":0,"k":100,"ix":11},"r":{"a":1,"k":[{"i":{"x":[0.833],"y":[1]},"o":{"x":[0.333],"y":[0]},"t":5,"s":[0]},{"i":{"x":[0.833],"y":[1]},"o":{"x":[0.167],"y":[0]},"t":31,"s":[66.052]},{"i":{"x":[0.667],"y":[1]},"o":{"x":[0.167],"y":[0]},"t":37,"s":[66.052]},{"t":63,"s":[0]}],"ix":10},"p":{"a":1,"k":[{"i":{"x":0.667,"y":1},"o":{"x":0.333,"y":0},"t":5,"s":[14.905,1.695,0],"to":[1.001,-0.959,0],"ti":[-1.001,0.959,0]},{"i":{"x":0.667,"y":0.667},"o":{"x":0.167,"y":0.167},"t":31,"s":[20.909,-4.061,0],"to":[0,0,0],"ti":[0,0,0]},{"i":{"x":0.667,"y":1},"o":{"x":0.333,"y":0},"t":37,"s":[20.909,-4.061,0],"to":[-1.001,0.959,0],"ti":[1.001,-0.959,0]},{"t":63,"s":[14.905,1.695,0]}],"ix":2,"l":2},"a":{"a":0,"k":[0,0,0],"ix":1,"l":2},"s":{"a":0,"k":[100,100,100],"ix":6,"l":2}},"ao":0,"shapes":[{"ty":"gr","it":[{"ind":0,"ty":"sh","ix":1,"ks":{"a":0,"k":{"i":[[20.521,1.92],[2.134,-28.978],[-21.78,-0.373],[-1.668,27.57]],"o":[[0,0],[0,0],[0,0],[0,0]],"v":[[3.093,-24.776],[-22.876,1.803],[-2.369,24.762],[22.887,-0.265]],"c":true},"ix":2},"nm":"Path 1","mn":"ADBE Vector Shape - Group","hd":false},{"ty":"fl","c":{"a":0,"k":[0.858823537827,0.709803938866,0.607843160629,1],"ix":4},"o":{"a":0,"k":100,"ix":5},"r":1,"bm":0,"nm":"Fill 1","mn":"ADBE Vector Graphic - Fill","hd":false},{"ty":"tr","p":{"a":0,"k":[0,0],"ix":2},"a":{"a":0,"k":[0,0],"ix":1},"s":{"a":0,"k":[100,100],"ix":3},"r":{"a":0,"k":0,"ix":6},"o":{"a":0,"k":100,"ix":7},"sk":{"a":0,"k":0,"ix":4},"sa":{"a":0,"k":0,"ix":5},"nm":"Transform"}],"nm":"nach","np":2,"cix":2,"bm":0,"ix":1,"mn":"ADBE Vector Group","hd":false}],"ip":0,"op":125,"st":0,"bm":0},{"ddd":0,"ind":7,"ty":4,"nm":"vien nach","parent":6,"sr":1,"ks":{"o":{"a":0,"k":100,"ix":11},"r":{"a":0,"k":0,"ix":10},"p":{"a":0,"k":[0,-0.33,0],"ix":2,"l":2},"a":{"a":0,"k":[0,0,0],"ix":1,"l":2},"s":{"a":0,"k":[100,100,100],"ix":6,"l":2}},"ao":0,"shapes":[{"ty":"gr","it":[{"ind":0,"ty":"sh","ix":1,"ks":{"a":0,"k":{"i":[[22.033,2.062],[2.292,-31.114],[-23.385,-0.4],[-1.791,29.602]],"o":[[0,0],[0,0],[0,0],[0,0]],"v":[[3.321,-26.602],[-24.562,1.936],[-2.543,26.587],[24.573,-0.284]],"c":true},"ix":2},"nm":"Path 1","mn":"ADBE Vector Shape - Group","hd":false},{"ty":"fl","c":{"a":0,"k":[1,1,1,1],"ix":4},"o":{"a":0,"k":100,"ix":5},"r":1,"bm":0,"nm":"Fill 1","mn":"ADBE Vector Graphic - Fill","hd":false},{"ty":"tr","p":{"a":0,"k":[0,0],"ix":2},"a":{"a":0,"k":[0,0],"ix":1},"s":{"a":0,"k":[100,100],"ix":3},"r":{"a":0,"k":0,"ix":6},"o":{"a":0,"k":100,"ix":7},"sk":{"a":0,"k":0,"ix":4},"sa":{"a":0,"k":0,"ix":5},"nm":"Transform"}],"nm":"vien nach","np":2,"cix":2,"bm":0,"ix":1,"mn":"ADBE Vector Group","hd":false}],"ip":0,"op":125,"st":0,"bm":0},{"ddd":0,"ind":8,"ty":4,"nm":"giay R","sr":1,"ks":{"o":{"a":0,"k":100,"ix":11},"r":{"a":1,"k":[{"i":{"x":[0.833],"y":[1]},"o":{"x":[0.333],"y":[0]},"t":5,"s":[0]},{"i":{"x":[0.833],"y":[1]},"o":{"x":[0.167],"y":[0]},"t":31,"s":[14.737]},{"i":{"x":[0.667],"y":[1]},"o":{"x":[0.167],"y":[0]},"t":37,"s":[14.737]},{"t":63,"s":[0]}],"ix":10},"p":{"a":1,"k":[{"i":{"x":0.667,"y":1},"o":{"x":0.333,"y":0},"t":5,"s":[192.568,641.5,0],"to":[0.178,0.2,0],"ti":[-0.178,-0.2,0]},{"i":{"x":0.667,"y":0.667},"o":{"x":0.167,"y":0.167},"t":31,"s":[193.634,642.7,0],"to":[0,0,0],"ti":[0,0,0]},{"i":{"x":0.667,"y":1},"o":{"x":0.333,"y":0},"t":37,"s":[193.634,642.7,0],"to":[-0.178,-0.2,0],"ti":[0.178,0.2,0]},{"t":63,"s":[192.568,641.5,0]}],"ix":2,"l":2},"a":{"a":0,"k":[832.568,641.5,0],"ix":1,"l":2},"s":{"a":0,"k":[100,100,100],"ix":6,"l":2}},"ao":0,"shapes":[{"ty":"gr","it":[{"ind":0,"ty":"sh","ix":1,"ks":{"a":0,"k":{"i":[[0,0],[-2.313,-7.078],[-5.668,-1.497],[-0.582,2.045],[-5.767,-1.757],[0.612,-2.096],[0.082,-5.268],[-5.07,-3.919],[1.475,-0.773],[1.323,-1.68],[2.552,-0.11],[5.06,11.103],[1.734,10.556],[-2.215,4.021],[-13.565,-0.23],[0,0]],"o":[[0,0],[0,0],[0,0],[0,0],[0,0],[0,0],[0,0],[0,0],[0,0],[0,0],[0,0],[0,0],[0,0],[0,0],[0,0],[0,0]],"v":[[0.099,-26.529],[-5.48,-13.242],[2.274,-3.346],[3.506,-5.102],[10.068,-4.843],[13.205,-2.225],[9.98,12.383],[15.861,22.024],[15.445,24.541],[11.84,26.045],[8.721,27.765],[-8.192,17.876],[-13.029,-2.662],[-15.648,-23.049],[0.827,-27.797],[2.216,-27.093]],"c":true},"ix":2},"nm":"Path 1","mn":"ADBE Vector Shape - Group","hd":false},{"ty":"fl","c":{"a":0,"k":[0.227450981736,0.235294118524,0.23137255013,1],"ix":4},"o":{"a":0,"k":100,"ix":5},"r":1,"bm":0,"nm":"Fill 1","mn":"ADBE Vector Graphic - Fill","hd":false},{"ty":"tr","p":{"a":0,"k":[818.953,614.949],"ix":2},"a":{"a":0,"k":[0,0],"ix":1},"s":{"a":0,"k":[100,100],"ix":3},"r":{"a":0,"k":0,"ix":6},"o":{"a":0,"k":100,"ix":7},"sk":{"a":0,"k":0,"ix":4},"sa":{"a":0,"k":0,"ix":5},"nm":"Transform"}],"nm":"Group 1","np":2,"cix":2,"bm":0,"ix":1,"mn":"ADBE Vector Group","hd":false},{"ty":"gr","it":[{"ind":0,"ty":"sh","ix":1,"ks":{"a":0,"k":{"i":[[-2.313,-7.078],[-5.07,-3.919],[1.438,-0.98],[2.985,-0.806],[3.149,0.023],[5.06,11.103],[1.734,10.556],[-2.215,4.021],[-13.565,-0.23]],"o":[[0,0],[0,0],[0,0],[0,0],[0,0],[0,0],[0,0],[0,0],[0,0]],"v":[[-9.599,-11.549],[17.169,21.135],[17.154,25.008],[12.688,27.469],[7.191,27.886],[-9.76,17.772],[-14.597,-2.766],[-17.216,-23.153],[-0.741,-27.901]],"c":true},"ix":2},"nm":"Path 1","mn":"ADBE Vector Shape - Group","hd":false},{"ty":"fl","c":{"a":0,"k":[0.886274516582,0.411764711142,0.152941182256,1],"ix":4},"o":{"a":0,"k":100,"ix":5},"r":1,"bm":0,"nm":"Fill 1","mn":"ADBE Vector Graphic - Fill","hd":false},{"ty":"tr","p":{"a":0,"k":[817.645,615.837],"ix":2},"a":{"a":0,"k":[0,0],"ix":1},"s":{"a":0,"k":[100,100],"ix":3},"r":{"a":0,"k":0,"ix":6},"o":{"a":0,"k":100,"ix":7},"sk":{"a":0,"k":0,"ix":4},"sa":{"a":0,"k":0,"ix":5},"nm":"Transform"}],"nm":"Group 2","np":2,"cix":2,"bm":0,"ix":2,"mn":"ADBE Vector Group","hd":false},{"ty":"gr","it":[{"ind":0,"ty":"sh","ix":1,"ks":{"a":0,"k":{"i":[[-2.313,-7.078],[-5.07,-3.919],[1.438,-0.98],[2.985,-0.806],[3.149,0.023],[5.06,11.103],[1.743,10.435],[0.059,0.207],[-2.037,3.698],[-13.565,-0.23]],"o":[[0,0],[0,0],[0,0],[0,0],[0,0],[0,0],[-0.035,-0.212],[-0.644,-2.248],[0,0],[0,0]],"v":[[-9.599,-11.549],[17.169,21.135],[17.154,25.008],[12.688,27.469],[7.191,27.886],[-9.76,17.772],[-14.544,-2.442],[-14.685,-3.068],[-17.216,-23.153],[-0.741,-27.901]],"c":true},"ix":2},"nm":"Path 1","mn":"ADBE Vector Shape - Group","hd":false},{"ty":"fl","c":{"a":0,"k":[0.137254908681,0.137254908681,0.137254908681,1],"ix":4},"o":{"a":0,"k":100,"ix":5},"r":1,"bm":0,"nm":"Fill 1","mn":"ADBE Vector Graphic - Fill","hd":false},{"ty":"tr","p":{"a":0,"k":[815.99,616.447],"ix":2},"a":{"a":0,"k":[0,0],"ix":1},"s":{"a":0,"k":[100,100],"ix":3},"r":{"a":0,"k":0,"ix":6},"o":{"a":0,"k":100,"ix":7},"sk":{"a":0,"k":0,"ix":4},"sa":{"a":0,"k":0,"ix":5},"nm":"Transform"}],"nm":"Group 3","np":2,"cix":2,"bm":0,"ix":3,"mn":"ADBE Vector Group","hd":false}],"ip":0,"op":159,"st":0,"bm":0},{"ddd":0,"ind":9,"ty":4,"nm":"nguc co","parent":11,"sr":1,"ks":{"o":{"a":0,"k":100,"ix":11},"r":{"a":0,"k":0,"ix":10},"p":{"a":1,"k":[{"i":{"x":0.667,"y":1},"o":{"x":0.333,"y":0},"t":5,"s":[58.668,-11.457,0],"to":[0.244,-0.055,0],"ti":[-0.244,0.055,0]},{"i":{"x":0.667,"y":0.667},"o":{"x":0.167,"y":0.167},"t":31,"s":[60.131,-11.787,0],"to":[0,0,0],"ti":[0,0,0]},{"i":{"x":0.667,"y":1},"o":{"x":0.333,"y":0},"t":37,"s":[60.131,-11.787,0],"to":[-0.244,0.055,0],"ti":[0.244,-0.055,0]},{"t":63,"s":[58.668,-11.457,0]}],"ix":2,"l":2},"a":{"a":0,"k":[-7.25,-6,0],"ix":1,"l":2},"s":{"a":0,"k":[100,100,100],"ix":6,"l":2}},"ao":0,"shapes":[{"ty":"gr","it":[{"ind":0,"ty":"sh","ix":1,"ks":{"a":1,"k":[{"i":{"x":0.667,"y":1},"o":{"x":0.167,"y":0},"t":5,"s":[{"i":[[0,0],[1.961,1.961],[3.475,1.684],[3.268,0.61],[1.534,-1.539],[-1.584,-1.524],[-1.548,-2.41],[-0.642,-2.672],[9.957,-8.469],[-0.207,-0.897],[-1.274,1.125],[-0.624,4.704],[-9.023,-1.148],[0,0]],"o":[[0,0],[0,0],[-1.991,-0.965],[0,0],[-1.552,1.558],[1.057,1.017],[1.485,2.312],[1.732,7.213],[0,0],[0.382,1.656],[3.302,-2.916],[0,0],[0,0],[0,0]],"v":[[6.017,-24.19],[-7.305,-21.186],[-12.272,-24.236],[-20.115,-26.981],[-23.795,-26.092],[-23.54,-20.417],[-19.52,-15.74],[-16.385,-8.175],[-21.945,24.293],[-22.256,25.429],[-18.511,26.534],[-8.286,12.8],[5.635,7.632],[24.851,-16.219]],"c":true}]},{"i":{"x":0.667,"y":1},"o":{"x":0.167,"y":0},"t":31,"s":[{"i":[[0,0],[1.961,1.961],[3.475,1.684],[3.268,0.61],[1.534,-1.539],[-1.584,-1.524],[-2.473,-2.792],[-0.642,-2.672],[12.003,-11.032],[-0.207,-0.897],[-1.696,0.665],[-0.624,4.704],[-9.023,-1.148],[0,0]],"o":[[0,0],[0,0],[-1.991,-0.965],[0,0],[-1.552,1.558],[1.057,1.017],[1.822,2.057],[1.732,7.213],[0,0],[0.382,1.656],[4.101,-1.608],[0,0],[0,0],[0,0]],"v":[[5.215,-23.581],[-7.339,-20.58],[-12.425,-23.774],[-20.06,-26.737],[-24.419,-26.208],[-22.927,-20.727],[-17.76,-16.65],[-13.503,-8.655],[-21.945,24.293],[-22.256,25.429],[-18.776,25.739],[-8.204,12.782],[6.498,11.452],[24.851,-16.219]],"c":true}]},{"i":{"x":0.833,"y":1},"o":{"x":0.333,"y":0},"t":37,"s":[{"i":[[0,0],[1.961,1.961],[3.475,1.684],[3.268,0.61],[1.534,-1.539],[-1.584,-1.524],[-2.473,-2.792],[-0.642,-2.672],[12.003,-11.032],[-0.207,-0.897],[-1.696,0.665],[-0.624,4.704],[-9.023,-1.148],[0,0]],"o":[[0,0],[0,0],[-1.991,-0.965],[0,0],[-1.552,1.558],[1.057,1.017],[1.822,2.057],[1.732,7.213],[0,0],[0.382,1.656],[4.101,-1.608],[0,0],[0,0],[0,0]],"v":[[5.215,-23.581],[-7.339,-20.58],[-12.425,-23.774],[-20.06,-26.737],[-24.419,-26.208],[-22.927,-20.727],[-17.76,-16.65],[-13.503,-8.655],[-21.945,24.293],[-22.256,25.429],[-18.776,25.739],[-8.204,12.782],[6.498,11.452],[24.851,-16.219]],"c":true}]},{"t":63,"s":[{"i":[[0,0],[1.961,1.961],[3.475,1.684],[3.268,0.61],[1.534,-1.539],[-1.584,-1.524],[-1.548,-2.41],[-0.642,-2.672],[9.957,-8.469],[-0.207,-0.897],[-1.274,1.125],[-0.624,4.704],[-9.023,-1.148],[0,0]],"o":[[0,0],[0,0],[-1.991,-0.965],[0,0],[-1.552,1.558],[1.057,1.017],[1.485,2.312],[1.732,7.213],[0,0],[0.382,1.656],[3.302,-2.916],[0,0],[0,0],[0,0]],"v":[[6.017,-24.19],[-7.305,-21.186],[-12.272,-24.236],[-20.115,-26.981],[-23.795,-26.092],[-23.54,-20.417],[-19.52,-15.74],[-16.385,-8.175],[-21.945,24.293],[-22.256,25.429],[-18.511,26.534],[-8.286,12.8],[5.635,7.632],[24.851,-16.219]],"c":true}]}],"ix":2},"nm":"Path 1","mn":"ADBE Vector Shape - Group","hd":false},{"ty":"fl","c":{"a":0,"k":[0.854901969433,0.694117665291,0.580392181873,1],"ix":4},"o":{"a":0,"k":100,"ix":5},"r":1,"bm":0,"nm":"Fill 1","mn":"ADBE Vector Graphic - Fill","hd":false},{"ty":"tr","p":{"a":0,"k":[0,0],"ix":2},"a":{"a":0,"k":[0,0],"ix":1},"s":{"a":0,"k":[100,100],"ix":3},"r":{"a":0,"k":0,"ix":6},"o":{"a":0,"k":100,"ix":7},"sk":{"a":0,"k":0,"ix":4},"sa":{"a":0,"k":0,"ix":5},"nm":"Transform"}],"nm":"nguc co","np":2,"cix":2,"bm":0,"ix":1,"mn":"ADBE Vector Group","hd":false}],"ip":0,"op":125,"st":0,"bm":0},{"ddd":0,"ind":10,"ty":4,"nm":"vien nguc co","parent":9,"sr":1,"ks":{"o":{"a":0,"k":100,"ix":11},"r":{"a":0,"k":0,"ix":10},"p":{"a":0,"k":[-14.314,0.393,0],"ix":2,"l":2},"a":{"a":0,"k":[0,0,0],"ix":1,"l":2},"s":{"a":0,"k":[100,100,100],"ix":6,"l":2}},"ao":0,"shapes":[{"ty":"gr","it":[{"ind":0,"ty":"sh","ix":1,"ks":{"a":1,"k":[{"i":{"x":0.667,"y":1},"o":{"x":0.167,"y":0},"t":5,"s":[{"i":[[2.137,2.137],[3.787,1.835],[4.216,0.131],[1.672,-1.678],[-1.727,-1.661],[-2.579,-5.834],[13.143,-12.547],[-2.395,-2.55],[-1.389,1.226],[-0.523,5.969]],"o":[[0,0],[-2.17,-1.051],[0,0],[-1.691,1.697],[1.681,1.617],[0,0],[0,0],[1.351,1.438],[3.599,-3.178],[0,0]],"v":[[12.303,-18.316],[4.912,-24.954],[-6.906,-28.941],[-11.487,-26.829],[-11.339,-20.209],[-4.568,-10.6],[-9.592,23.387],[-8.415,27.614],[-3.05,27.572],[8.183,10.946]],"c":true}]},{"i":{"x":0.667,"y":1},"o":{"x":0.167,"y":0},"t":31,"s":[{"i":[[2.137,2.137],[3.53,1.979],[4.216,0.131],[1.999,-2.593],[-2.013,-1.299],[-2.579,-5.834],[15.262,-16.411],[-2.114,-1.992],[-1.514,1.051],[-2.068,7.899]],"o":[[0,0],[-2.103,-1.179],[0,0],[-1.463,1.897],[2.306,1.488],[0,0],[0,0],[1.529,0.847],[3.672,-2.551],[0,0]],"v":[[12.589,-18.8],[5.044,-23.364],[-7.045,-28.368],[-12.219,-26.937],[-10.251,-20.621],[-1.336,-10.969],[-8.367,22.779],[-8.281,27.129],[-3.103,25.651],[7.55,11.016]],"c":true}]},{"i":{"x":0.833,"y":1},"o":{"x":0.333,"y":0},"t":37,"s":[{"i":[[2.137,2.137],[3.53,1.979],[4.216,0.131],[1.999,-2.593],[-2.013,-1.299],[-2.579,-5.834],[15.262,-16.411],[-2.114,-1.992],[-1.514,1.051],[-2.068,7.899]],"o":[[0,0],[-2.103,-1.179],[0,0],[-1.463,1.897],[2.306,1.488],[0,0],[0,0],[1.529,0.847],[3.672,-2.551],[0,0]],"v":[[12.589,-18.8],[5.044,-23.364],[-7.045,-28.368],[-12.219,-26.937],[-10.251,-20.621],[-1.336,-10.969],[-8.367,22.779],[-8.281,27.129],[-3.103,25.651],[7.55,11.016]],"c":true}]},{"t":63,"s":[{"i":[[2.137,2.137],[3.787,1.835],[4.216,0.131],[1.672,-1.678],[-1.727,-1.661],[-2.579,-5.834],[13.143,-12.547],[-2.395,-2.55],[-1.389,1.226],[-0.523,5.969]],"o":[[0,0],[-2.17,-1.051],[0,0],[-1.691,1.697],[1.681,1.617],[0,0],[0,0],[1.351,1.438],[3.599,-3.178],[0,0]],"v":[[12.303,-18.316],[4.912,-24.954],[-6.906,-28.941],[-11.487,-26.829],[-11.339,-20.209],[-4.568,-10.6],[-9.592,23.387],[-8.415,27.614],[-3.05,27.572],[8.183,10.946]],"c":true}]}],"ix":2},"nm":"Path 1","mn":"ADBE Vector Shape - Group","hd":false},{"ty":"fl","c":{"a":0,"k":[1,1,1,1],"ix":4},"o":{"a":0,"k":100,"ix":5},"r":1,"bm":0,"nm":"Fill 1","mn":"ADBE Vector Graphic - Fill","hd":false},{"ty":"tr","p":{"a":0,"k":[0,0],"ix":2},"a":{"a":0,"k":[0,0],"ix":1},"s":{"a":0,"k":[100,100],"ix":3},"r":{"a":0,"k":0,"ix":6},"o":{"a":0,"k":100,"ix":7},"sk":{"a":0,"k":0,"ix":4},"sa":{"a":0,"k":0,"ix":5},"nm":"Transform"}],"nm":"vien nguc co","np":2,"cix":2,"bm":0,"ix":1,"mn":"ADBE Vector Group","hd":false}],"ip":0,"op":125,"st":0,"bm":0},{"ddd":0,"ind":11,"ty":4,"nm":"ao","parent":12,"sr":1,"ks":{"o":{"a":0,"k":100,"ix":11},"r":{"a":1,"k":[{"i":{"x":[0.667],"y":[1]},"o":{"x":[0.167],"y":[0]},"t":5,"s":[-5.994]},{"i":{"x":[0.667],"y":[1]},"o":{"x":[0.167],"y":[0]},"t":31,"s":[-13.748]},{"i":{"x":[0.833],"y":[1]},"o":{"x":[0.333],"y":[0]},"t":37,"s":[-13.748]},{"t":63,"s":[-5.994]}],"ix":10},"p":{"a":1,"k":[{"i":{"x":0.667,"y":1},"o":{"x":0.333,"y":0},"t":5,"s":[37.543,-12.617,0],"to":[1.133,-0.662,0],"ti":[-1.133,0.662,0]},{"i":{"x":0.667,"y":0.667},"o":{"x":0.167,"y":0.167},"t":31,"s":[44.339,-16.592,0],"to":[0,0,0],"ti":[0,0,0]},{"i":{"x":0.667,"y":1},"o":{"x":0.333,"y":0},"t":37,"s":[44.339,-16.592,0],"to":[-1.133,0.662,0],"ti":[1.133,-0.662,0]},{"t":63,"s":[37.543,-12.617,0]}],"ix":2,"l":2},"a":{"a":0,"k":[-66.615,11.046,0],"ix":1,"l":2},"s":{"a":0,"k":[100,100,100],"ix":6,"l":2}},"ao":0,"shapes":[{"ty":"gr","it":[{"ind":0,"ty":"sh","ix":1,"ks":{"a":1,"k":[{"i":{"x":0.667,"y":1},"o":{"x":0.167,"y":0},"t":5,"s":[{"i":[[-6.117,31.602],[-16.159,3.701],[-15.146,0.187],[-11.081,-17.647],[69.018,-3.486],[20.641,-5.481],[1.728,2.272]],"o":[[0,0],[18.698,-4.283],[0,0],[0,0],[0,0],[-3.762,0.999],[-5.469,-7.194]],"v":[[-65.763,-21.37],[-37.332,-25.597],[20.357,-37.622],[67.472,-22.46],[7.111,35.926],[-49.309,38.945],[-57.462,34.368]],"c":true}]},{"i":{"x":0.667,"y":1},"o":{"x":0.167,"y":0},"t":31,"s":[{"i":[[-6.117,31.602],[-16.159,3.701],[-15.146,0.187],[-11.081,-17.647],[69.018,-3.486],[20.256,-6.765],[1.728,2.272]],"o":[[0,0],[18.698,-4.283],[0,0],[0,0],[0,0],[-2.708,0.904],[-5.469,-7.194]],"v":[[-65.763,-21.37],[-37.004,-24.902],[21.634,-39.534],[67.912,-23.157],[7.111,35.926],[-48.565,37.501],[-57.462,34.368]],"c":true}]},{"i":{"x":0.833,"y":1},"o":{"x":0.333,"y":0},"t":37,"s":[{"i":[[-6.117,31.602],[-16.159,3.701],[-15.146,0.187],[-11.081,-17.647],[69.018,-3.486],[20.256,-6.765],[1.728,2.272]],"o":[[0,0],[18.698,-4.283],[0,0],[0,0],[0,0],[-2.708,0.904],[-5.469,-7.194]],"v":[[-65.763,-21.37],[-37.004,-24.902],[21.634,-39.534],[67.912,-23.157],[7.111,35.926],[-48.565,37.501],[-57.462,34.368]],"c":true}]},{"t":63,"s":[{"i":[[-6.117,31.602],[-16.159,3.701],[-15.146,0.187],[-11.081,-17.647],[69.018,-3.486],[20.641,-5.481],[1.728,2.272]],"o":[[0,0],[18.698,-4.283],[0,0],[0,0],[0,0],[-3.762,0.999],[-5.469,-7.194]],"v":[[-65.763,-21.37],[-37.332,-25.597],[20.357,-37.622],[67.472,-22.46],[7.111,35.926],[-49.309,38.945],[-57.462,34.368]],"c":true}]}],"ix":2},"nm":"Path 1","mn":"ADBE Vector Shape - Group","hd":false},{"ty":"fl","c":{"a":0,"k":[0.839215695858,0.384313732386,0.156862750649,1],"ix":4},"o":{"a":0,"k":100,"ix":5},"r":1,"bm":0,"nm":"Fill 1","mn":"ADBE Vector Graphic - Fill","hd":false},{"ty":"tr","p":{"a":0,"k":[0,0],"ix":2},"a":{"a":0,"k":[0,0],"ix":1},"s":{"a":0,"k":[100,100],"ix":3},"r":{"a":0,"k":0,"ix":6},"o":{"a":0,"k":100,"ix":7},"sk":{"a":0,"k":0,"ix":4},"sa":{"a":0,"k":0,"ix":5},"nm":"Transform"}],"nm":"ao","np":2,"cix":2,"bm":0,"ix":1,"mn":"ADBE Vector Group","hd":false}],"ip":0,"op":125,"st":0,"bm":0},{"ddd":0,"ind":12,"ty":4,"nm":"quan R","parent":15,"sr":1,"ks":{"o":{"a":0,"k":100,"ix":11},"r":{"a":1,"k":[{"i":{"x":[0.667],"y":[1]},"o":{"x":[0.167],"y":[0]},"t":5,"s":[-3.581]},{"i":{"x":[0.667],"y":[1]},"o":{"x":[0.167],"y":[0]},"t":31,"s":[-5.041]},{"i":{"x":[0.833],"y":[1]},"o":{"x":[0.333],"y":[0]},"t":37,"s":[-5.041]},{"t":63,"s":[-3.581]}],"ix":10},"p":{"a":1,"k":[{"i":{"x":0.667,"y":1},"o":{"x":0.333,"y":0},"t":5,"s":[-7.183,8.421,0],"to":[0.76,-0.515,0],"ti":[-0.76,0.515,0]},{"i":{"x":0.667,"y":0.667},"o":{"x":0.167,"y":0.167},"t":31,"s":[-2.625,5.333,0],"to":[0,0,0],"ti":[0,0,0]},{"i":{"x":0.667,"y":1},"o":{"x":0.333,"y":0},"t":37,"s":[-2.625,5.333,0],"to":[-0.76,0.515,0],"ti":[0.76,-0.515,0]},{"t":63,"s":[-7.183,8.421,0]}],"ix":2,"l":2},"a":{"a":0,"k":[-41.411,24.61,0],"ix":1,"l":2},"s":{"a":0,"k":[100,100,100],"ix":6,"l":2}},"ao":0,"shapes":[{"ty":"gr","it":[{"ind":0,"ty":"sh","ix":1,"ks":{"a":1,"k":[{"i":{"x":0.667,"y":1},"o":{"x":0.167,"y":0},"t":5,"s":[{"i":[[0,0],[16.209,-19.988],[11.321,-6.797],[-20.392,-17.679],[-9.411,5.49],[-20.638,-1.578],[0,0]],"o":[[0,0],[0,0],[0,0],[0,0],[0,0],[0,0],[0,0]],"v":[[41.212,-44.944],[-10.115,-23.017],[-53.434,10.305],[-39.657,44.944],[17.073,20.5],[54.458,13.18],[41.212,-44.944]],"c":false}]},{"i":{"x":0.667,"y":1},"o":{"x":0.167,"y":0},"t":31,"s":[{"i":[[0,0],[17.425,-28.533],[11.321,-6.797],[-20.947,-18.077],[-9.411,5.49],[-25.574,8.871],[8.83,16.4]],"o":[[-8.125,1.224],[0,0],[0,0],[0,0],[0,0],[0,0],[0,0]],"v":[[40.175,-48.896],[-8.523,-16.269],[-55.034,8.961],[-39.657,44.944],[18.116,21.285],[67.962,4.593],[42.293,-44.831]],"c":false}]},{"i":{"x":0.833,"y":1},"o":{"x":0.333,"y":0},"t":37,"s":[{"i":[[0,0],[17.425,-28.533],[11.321,-6.797],[-20.947,-18.077],[-9.411,5.49],[-25.574,8.871],[8.83,16.4]],"o":[[-8.125,1.224],[0,0],[0,0],[0,0],[0,0],[0,0],[0,0]],"v":[[40.175,-48.896],[-8.523,-16.269],[-55.034,8.961],[-39.657,44.944],[18.116,21.285],[67.962,4.593],[42.293,-44.831]],"c":false}]},{"t":63,"s":[{"i":[[0,0],[16.209,-19.988],[11.321,-6.797],[-20.392,-17.679],[-9.411,5.49],[-20.638,-1.578],[0,0]],"o":[[0,0],[0,0],[0,0],[0,0],[0,0],[0,0],[0,0]],"v":[[41.212,-44.944],[-10.115,-23.017],[-53.434,10.305],[-39.657,44.944],[17.073,20.5],[54.458,13.18],[41.212,-44.944]],"c":false}]}],"ix":2},"nm":"Path 1","mn":"ADBE Vector Shape - Group","hd":false},{"ty":"fl","c":{"a":0,"k":[0.207843139768,0.207843139768,0.207843139768,1],"ix":4},"o":{"a":0,"k":100,"ix":5},"r":1,"bm":0,"nm":"Fill 1","mn":"ADBE Vector Graphic - Fill","hd":false},{"ty":"tr","p":{"a":0,"k":[0,0],"ix":2},"a":{"a":0,"k":[0,0],"ix":1},"s":{"a":0,"k":[100,100],"ix":3},"r":{"a":0,"k":0,"ix":6},"o":{"a":0,"k":100,"ix":7},"sk":{"a":0,"k":0,"ix":4},"sa":{"a":0,"k":0,"ix":5},"nm":"Transform"}],"nm":"quan R","np":2,"cix":2,"bm":0,"ix":1,"mn":"ADBE Vector Group","hd":false}],"ip":0,"op":129,"st":0,"bm":0},{"ddd":0,"ind":13,"ty":4,"nm":"chan R","parent":8,"sr":1,"ks":{"o":{"a":0,"k":100,"ix":11},"r":{"a":1,"k":[{"i":{"x":[0.833],"y":[1]},"o":{"x":[0.333],"y":[0]},"t":5,"s":[4.935]},{"i":{"x":[0.833],"y":[1]},"o":{"x":[0.167],"y":[0]},"t":31,"s":[16.778]},{"i":{"x":[0.667],"y":[1]},"o":{"x":[0.167],"y":[0]},"t":37,"s":[16.778]},{"t":63,"s":[4.935]}],"ix":10},"p":{"a":1,"k":[{"i":{"x":0.667,"y":1},"o":{"x":0.333,"y":0},"t":5,"s":[814.497,603.348,0],"to":[-0.001,-0.283,0],"ti":[0.001,0.283,0]},{"i":{"x":0.667,"y":0.667},"o":{"x":0.167,"y":0.167},"t":31,"s":[814.493,601.65,0],"to":[0,0,0],"ti":[0,0,0]},{"i":{"x":0.667,"y":1},"o":{"x":0.333,"y":0},"t":37,"s":[814.493,601.65,0],"to":[0.001,0.283,0],"ti":[-0.001,-0.283,0]},{"t":63,"s":[814.497,603.348,0]}],"ix":2,"l":2},"a":{"a":0,"k":[-45.875,13.875,0],"ix":1,"l":2},"s":{"a":0,"k":[100,100,100],"ix":6,"l":2}},"ao":0,"shapes":[{"ty":"gr","it":[{"ind":0,"ty":"sh","ix":1,"ks":{"a":1,"k":[{"i":{"x":0.833,"y":1},"o":{"x":0.333,"y":0},"t":5,"s":[{"i":[[-8.496,7.843],[-10.849,7.451],[-15.277,-0.261],[0,0],[0.425,-13.489],[15.383,-3.78],[9.281,-1.046],[9.934,-12.026],[5.621,8.758]],"o":[[0,0],[0,0],[0,0],[0,0],[0,0],[0,0],[0,0],[0,0],[0,0]],"v":[[-50.626,1.81],[-12.327,-13.092],[21.148,-24.677],[39.362,-25.832],[54.054,-12.631],[38.679,-1.512],[-2.915,8.128],[-33.502,21.94],[-49.188,21.94]],"c":true}]},{"i":{"x":0.833,"y":1},"o":{"x":0.167,"y":0},"t":31,"s":[{"i":[[-8.496,7.843],[-10.849,7.451],[-15.277,-0.261],[0,0],[0.425,-13.489],[15.383,-3.78],[9.281,-1.046],[9.934,-12.026],[5.621,8.758]],"o":[[0,0],[0,0],[0,0],[0,0],[0,0],[0,0],[0,0],[0,0],[0,0]],"v":[[-50.626,1.81],[-12.327,-13.092],[21.148,-24.677],[39.362,-25.832],[54.054,-12.631],[38.679,-1.512],[-2.915,8.128],[-33.502,21.94],[-49.188,21.94]],"c":true}]},{"i":{"x":0.667,"y":1},"o":{"x":0.167,"y":0},"t":37,"s":[{"i":[[-8.496,7.843],[-10.849,7.451],[-15.277,-0.261],[0,0],[0.425,-13.489],[15.383,-3.78],[9.281,-1.046],[9.934,-12.026],[5.621,8.758]],"o":[[0,0],[0,0],[0,0],[0,0],[0,0],[0,0],[0,0],[0,0],[0,0]],"v":[[-50.626,1.81],[-12.327,-13.092],[21.148,-24.677],[39.362,-25.832],[54.054,-12.631],[38.679,-1.512],[-2.915,8.128],[-33.502,21.94],[-49.188,21.94]],"c":true}]},{"t":63,"s":[{"i":[[-8.496,7.843],[-10.849,7.451],[-15.277,-0.261],[0,0],[0.425,-13.489],[15.383,-3.78],[9.281,-1.046],[9.934,-12.026],[5.621,8.758]],"o":[[0,0],[0,0],[0,0],[0,0],[0,0],[0,0],[0,0],[0,0],[0,0]],"v":[[-50.626,1.81],[-12.327,-13.092],[21.148,-24.677],[39.362,-25.832],[54.054,-12.631],[38.679,-1.512],[-2.915,8.128],[-33.502,21.94],[-49.188,21.94]],"c":true}]}],"ix":2},"nm":"Path 1","mn":"ADBE Vector Shape - Group","hd":false},{"ty":"fl","c":{"a":0,"k":[0.878431379795,0.760784327984,0.68235296011,1],"ix":4},"o":{"a":0,"k":100,"ix":5},"r":1,"bm":0,"nm":"Fill 1","mn":"ADBE Vector Graphic - Fill","hd":false},{"ty":"tr","p":{"a":0,"k":[0,0],"ix":2},"a":{"a":0,"k":[0,0],"ix":1},"s":{"a":0,"k":[100,100],"ix":3},"r":{"a":0,"k":0,"ix":6},"o":{"a":0,"k":100,"ix":7},"sk":{"a":0,"k":0,"ix":4},"sa":{"a":0,"k":0,"ix":5},"nm":"Transform"}],"nm":"chan R","np":2,"cix":2,"bm":0,"ix":1,"mn":"ADBE Vector Group","hd":false}],"ip":0,"op":159,"st":0,"bm":0},{"ddd":0,"ind":14,"ty":4,"nm":"giay L","sr":1,"ks":{"o":{"a":0,"k":100,"ix":11},"r":{"a":1,"k":[{"i":{"x":[0.667],"y":[1]},"o":{"x":[0.167],"y":[0]},"t":5,"s":[0]},{"i":{"x":[0.667],"y":[1]},"o":{"x":[0.167],"y":[0]},"t":31,"s":[9.768]},{"i":{"x":[0.833],"y":[1]},"o":{"x":[0.333],"y":[0]},"t":37,"s":[9.768]},{"t":63,"s":[0]}],"ix":10},"p":{"a":1,"k":[{"i":{"x":0.667,"y":0.667},"o":{"x":0.333,"y":0.333},"t":5,"s":[234.234,631.033,0],"to":[0,0,0],"ti":[0,0,0]},{"i":{"x":0.667,"y":0.667},"o":{"x":0.167,"y":0.167},"t":31,"s":[234.234,631.033,0],"to":[0,0,0],"ti":[0,0,0]},{"i":{"x":0.667,"y":0.667},"o":{"x":0.333,"y":0.333},"t":37,"s":[234.234,631.033,0],"to":[0,0,0],"ti":[0,0,0]},{"t":63,"s":[234.234,631.033,0]}],"ix":2,"l":2},"a":{"a":0,"k":[874.234,631.033,0],"ix":1,"l":2},"s":{"a":0,"k":[100,100,100],"ix":6,"l":2}},"ao":0,"shapes":[{"ty":"gr","it":[{"ind":0,"ty":"sh","ix":1,"ks":{"a":0,"k":{"i":[[0,0],[-2.304,-6.408],[-5.221,-1.217],[-0.492,1.274],[-5.318,-1.452],[0.503,-1.932],[-0.066,-4.818],[-6.487,-10.26],[1.327,-0.746],[0.681,-2.446],[2.33,-0.168],[5.198,4.612],[0.538,2.26],[0.29,3.531],[1.789,4.099],[-1.118,2.179],[-11.067,-0.933],[-0.021,-1.448]],"o":[[0,0],[0,0],[0,0],[0,0],[0,0],[0,0],[0,0],[0,0],[0,0],[0,0],[0,0],[-1.738,-1.542],[-0.537,-2.257],[-0.367,-4.458],[-2.229,-5.107],[0,0],[0,0],[0.006,0.45]],"v":[[-2.673,-23.325],[-4.831,-12.845],[1.809,-3.817],[3.35,-5.128],[9.355,-5.067],[10.057,-3.137],[8.47,6.145],[14.698,19.277],[14.135,21.829],[11.315,23.491],[8.995,24.775],[-2.864,20.912],[-6.519,15.071],[-7.865,5.772],[-11.083,-7.154],[-14.439,-23.018],[-1.234,-26.096],[1.729,-24.803]],"c":true},"ix":2},"nm":"Path 1","mn":"ADBE Vector Shape - Group","hd":false},{"ty":"fl","c":{"a":0,"k":[0.152941182256,0.156862750649,0.156862750649,1],"ix":4},"o":{"a":0,"k":100,"ix":5},"r":1,"bm":0,"nm":"Fill 1","mn":"ADBE Vector Graphic - Fill","hd":false},{"ty":"tr","p":{"a":0,"k":[862.899,606.278],"ix":2},"a":{"a":0,"k":[0,0],"ix":1},"s":{"a":0,"k":[100,100],"ix":3},"r":{"a":0,"k":0,"ix":6},"o":{"a":0,"k":100,"ix":7},"sk":{"a":0,"k":0,"ix":4},"sa":{"a":0,"k":0,"ix":5},"nm":"Transform"}],"nm":"Group 1","np":2,"cix":2,"bm":0,"ix":1,"mn":"ADBE Vector Group","hd":false},{"ty":"gr","it":[{"ind":0,"ty":"sh","ix":1,"ks":{"a":0,"k":{"i":[[-2.304,-6.408],[-6.487,-10.26],[1.216,-1.247],[2.21,-0.893],[2.33,-0.168],[5.258,5.099],[0.481,2.004],[0.296,3.602],[1.789,4.099],[-1.118,2.179],[-9.481,-0.327]],"o":[[0,0],[0,0],[0,0],[0,0],[0,0],[-1.479,-1.435],[-0.54,-2.252],[-0.367,-4.458],[-2.229,-5.107],[0,0],[0,0]],"v":[[-6.197,-11.919],[15.819,18.605],[15.329,21.886],[12.115,24.076],[7.878,25.184],[-4.587,20.903],[-7.407,15.581],[-8.982,6.181],[-11.949,-6.856],[-15.884,-22.552],[-3.879,-26.488]],"c":true},"ix":2},"nm":"Path 1","mn":"ADBE Vector Shape - Group","hd":false},{"ty":"fl","c":{"a":0,"k":[0.768627464771,0.305882364511,0.149019613862,1],"ix":4},"o":{"a":0,"k":100,"ix":5},"r":1,"bm":0,"nm":"Fill 1","mn":"ADBE Vector Graphic - Fill","hd":false},{"ty":"tr","p":{"a":0,"k":[861.858,607.18],"ix":2},"a":{"a":0,"k":[0,0],"ix":1},"s":{"a":0,"k":[100,100],"ix":3},"r":{"a":0,"k":0,"ix":6},"o":{"a":0,"k":100,"ix":7},"sk":{"a":0,"k":0,"ix":4},"sa":{"a":0,"k":0,"ix":5},"nm":"Transform"}],"nm":"Group 2","np":2,"cix":2,"bm":0,"ix":2,"mn":"ADBE Vector Group","hd":false},{"ty":"gr","it":[{"ind":0,"ty":"sh","ix":1,"ks":{"a":0,"k":{"i":[[-2.304,-6.408],[-6.487,-10.26],[1.216,-1.247],[2.21,-0.893],[2.33,-0.168],[5.223,5.53],[0.481,2.004],[0.296,3.602],[1.789,4.099],[-1.118,2.179],[-11.067,-0.933]],"o":[[0,0],[0,0],[0,0],[0,0],[0,0],[-1.415,-1.498],[-0.54,-2.252],[-0.367,-4.458],[-2.229,-5.107],[0,0],[0,0]],"v":[[-6.197,-12.131],[15.819,18.394],[15.329,21.674],[12.414,24.422],[7.857,25.247],[-5.013,20.967],[-7.736,15.426],[-9.299,6.092],[-12.2,-6.957],[-15.991,-22.204],[-2.475,-26.415]],"c":true},"ix":2},"nm":"Path 1","mn":"ADBE Vector Shape - Group","hd":false},{"ty":"fl","c":{"a":0,"k":[0.078431375325,0.078431375325,0.078431375325,1],"ix":4},"o":{"a":0,"k":100,"ix":5},"r":1,"bm":0,"nm":"Fill 1","mn":"ADBE Vector Graphic - Fill","hd":false},{"ty":"tr","p":{"a":0,"k":[860.609,607.758],"ix":2},"a":{"a":0,"k":[0,0],"ix":1},"s":{"a":0,"k":[100,100],"ix":3},"r":{"a":0,"k":0,"ix":6},"o":{"a":0,"k":100,"ix":7},"sk":{"a":0,"k":0,"ix":4},"sa":{"a":0,"k":0,"ix":5},"nm":"Transform"}],"nm":"Group 3","np":2,"cix":2,"bm":0,"ix":3,"mn":"ADBE Vector Group","hd":false}],"ip":0,"op":159,"st":0,"bm":0},{"ddd":0,"ind":15,"ty":4,"nm":"dui R","parent":13,"sr":1,"ks":{"o":{"a":0,"k":100,"ix":11},"r":{"a":0,"k":0,"ix":10},"p":{"a":0,"k":[28.455,-11.051,0],"ix":2,"l":2},"a":{"a":0,"k":[-41.508,19.555,0],"ix":1,"l":2},"s":{"a":0,"k":[100,100,100],"ix":6,"l":2}},"ao":0,"shapes":[{"ty":"gr","it":[{"ind":0,"ty":"sh","ix":1,"ks":{"a":1,"k":[{"i":{"x":0.667,"y":1},"o":{"x":0.333,"y":0},"t":5,"s":[{"i":[[0,0],[0,0],[-3.006,-9.804],[-9.499,-1.089],[-23.921,15.947],[0,0],[0,0]],"o":[[0,0],[0,0],[0,0],[0,0],[0,0],[0,0],[0,0]],"v":[[-16.671,-5.1],[-41.245,6.272],[-49.611,21.174],[-37.324,31.631],[10.387,16.338],[50.117,-4.185],[21.106,-31.635]],"c":true}]},{"i":{"x":0.667,"y":1},"o":{"x":0.167,"y":0},"t":31,"s":[{"i":[[0,0],[0,0],[-3.006,-9.804],[-9.499,-1.089],[-23.921,15.947],[0,0],[0,0]],"o":[[0,0],[0,0],[0,0],[0,0],[0,0],[0,0],[0,0]],"v":[[-16.838,-6.17],[-41.245,6.272],[-49.611,21.174],[-37.324,31.631],[10.387,16.338],[50.117,-4.185],[21.106,-31.635]],"c":true}]},{"i":{"x":0.667,"y":1},"o":{"x":0.333,"y":0},"t":37,"s":[{"i":[[0,0],[0,0],[-3.006,-9.804],[-9.499,-1.089],[-23.921,15.947],[0,0],[0,0]],"o":[[0,0],[0,0],[0,0],[0,0],[0,0],[0,0],[0,0]],"v":[[-16.838,-6.17],[-41.245,6.272],[-49.611,21.174],[-37.324,31.631],[10.387,16.338],[50.117,-4.185],[21.106,-31.635]],"c":true}]},{"t":63,"s":[{"i":[[0,0],[0,0],[-3.006,-9.804],[-9.499,-1.089],[-23.921,15.947],[0,0],[0,0]],"o":[[0,0],[0,0],[0,0],[0,0],[0,0],[0,0],[0,0]],"v":[[-16.671,-5.1],[-41.245,6.272],[-49.611,21.174],[-37.324,31.631],[10.387,16.338],[50.117,-4.185],[21.106,-31.635]],"c":true}]}],"ix":2},"nm":"Path 1","mn":"ADBE Vector Shape - Group","hd":false},{"ty":"fl","c":{"a":0,"k":[0.878431379795,0.760784327984,0.68235296011,1],"ix":4},"o":{"a":0,"k":100,"ix":5},"r":1,"bm":0,"nm":"Fill 1","mn":"ADBE Vector Graphic - Fill","hd":false},{"ty":"tr","p":{"a":0,"k":[0,0],"ix":2},"a":{"a":0,"k":[0,0],"ix":1},"s":{"a":0,"k":[100,100],"ix":3},"r":{"a":0,"k":0,"ix":6},"o":{"a":0,"k":100,"ix":7},"sk":{"a":0,"k":0,"ix":4},"sa":{"a":0,"k":0,"ix":5},"nm":"Transform"}],"nm":"dui R","np":2,"cix":2,"bm":0,"ix":1,"mn":"ADBE Vector Group","hd":false}],"ip":0,"op":129,"st":0,"bm":0},{"ddd":0,"ind":16,"ty":4,"nm":"quan L","parent":18,"sr":1,"ks":{"o":{"a":0,"k":100,"ix":11},"r":{"a":1,"k":[{"i":{"x":[0.667],"y":[1]},"o":{"x":[0.167],"y":[0]},"t":5,"s":[8.821]},{"i":{"x":[0.667],"y":[1]},"o":{"x":[0.167],"y":[0]},"t":31,"s":[-4.339]},{"i":{"x":[0.833],"y":[1]},"o":{"x":[0.333],"y":[0]},"t":37,"s":[-4.339]},{"t":63,"s":[8.821]}],"ix":10},"p":{"a":1,"k":[{"i":{"x":0.667,"y":1},"o":{"x":0.333,"y":0},"t":5,"s":[-6.637,2.604,0],"to":[1.326,-0.443,0],"ti":[-1.326,0.443,0]},{"i":{"x":0.667,"y":0.667},"o":{"x":0.167,"y":0.167},"t":31,"s":[1.32,-0.053,0],"to":[0,0,0],"ti":[0,0,0]},{"i":{"x":0.667,"y":1},"o":{"x":0.333,"y":0},"t":37,"s":[1.32,-0.053,0],"to":[-1.326,0.443,0],"ti":[1.326,-0.443,0]},{"t":63,"s":[-6.637,2.604,0]}],"ix":2,"l":2},"a":{"a":0,"k":[-33.548,22.756,0],"ix":1,"l":2},"s":{"a":0,"k":[100,100,100],"ix":6,"l":2}},"ao":0,"shapes":[{"ty":"gr","it":[{"ind":0,"ty":"sh","ix":1,"ks":{"a":1,"k":[{"i":{"x":0.667,"y":1},"o":{"x":0.167,"y":0},"t":5,"s":[{"i":[[-5.221,-8.366],[-8.788,-2.575],[-1.64,0.753],[0,0],[-1.512,0.261],[0,0],[0,0],[0,0],[0,0]],"o":[[0,0],[1.732,0.507],[0,0],[1.384,-0.663],[0,0],[0,0],[0,0],[0,0],[0,0]],"v":[[-40.156,27.404],[-27.512,36.834],[-21.31,37.047],[14.615,21.954],[28.904,16.585],[45.161,10.152],[37.227,-37.444],[-8.692,-11.88],[-45.341,8.524]],"c":true}]},{"i":{"x":0.667,"y":1},"o":{"x":0.167,"y":0},"t":31,"s":[{"i":[[-5.221,-8.366],[-8.788,-2.575],[-1.64,0.753],[0,0],[-1.512,0.261],[0,0],[0,0],[16.131,-19.066],[0,0]],"o":[[0,0],[1.732,0.507],[0,0],[1.384,-0.663],[0,0],[0,0],[0,0],[-0.676,0.504],[0,0]],"v":[[-40.763,26.592],[-27.512,36.834],[-21.31,37.047],[23.537,15.691],[28.003,13.94],[45.341,10.504],[32.714,-34.924],[-8.131,-11.293],[-43.709,7.868]],"c":true}]},{"i":{"x":0.833,"y":1},"o":{"x":0.333,"y":0},"t":37,"s":[{"i":[[-5.221,-8.366],[-8.788,-2.575],[-1.64,0.753],[0,0],[-1.512,0.261],[0,0],[0,0],[16.131,-19.066],[0,0]],"o":[[0,0],[1.732,0.507],[0,0],[1.384,-0.663],[0,0],[0,0],[0,0],[-0.676,0.504],[0,0]],"v":[[-40.763,26.592],[-27.512,36.834],[-21.31,37.047],[23.537,15.691],[28.003,13.94],[45.341,10.504],[32.714,-34.924],[-8.131,-11.293],[-43.709,7.868]],"c":true}]},{"t":63,"s":[{"i":[[-5.221,-8.366],[-8.788,-2.575],[-1.64,0.753],[0,0],[-1.512,0.261],[0,0],[0,0],[0,0],[0,0]],"o":[[0,0],[1.732,0.507],[0,0],[1.384,-0.663],[0,0],[0,0],[0,0],[0,0],[0,0]],"v":[[-40.156,27.404],[-27.512,36.834],[-21.31,37.047],[14.615,21.954],[28.904,16.585],[45.161,10.152],[37.227,-37.444],[-8.692,-11.88],[-45.341,8.524]],"c":true}]}],"ix":2},"nm":"Path 1","mn":"ADBE Vector Shape - Group","hd":false},{"ty":"fl","c":{"a":0,"k":[0.086274512112,0.086274512112,0.086274512112,1],"ix":4},"o":{"a":0,"k":100,"ix":5},"r":1,"bm":0,"nm":"Fill 1","mn":"ADBE Vector Graphic - Fill","hd":false},{"ty":"tr","p":{"a":0,"k":[0,0],"ix":2},"a":{"a":0,"k":[0,0],"ix":1},"s":{"a":0,"k":[100,100],"ix":3},"r":{"a":0,"k":0,"ix":6},"o":{"a":0,"k":100,"ix":7},"sk":{"a":0,"k":0,"ix":4},"sa":{"a":0,"k":0,"ix":5},"nm":"Transform"}],"nm":"quan L","np":2,"cix":2,"bm":0,"ix":1,"mn":"ADBE Vector Group","hd":false}],"ip":0,"op":129,"st":0,"bm":0},{"ddd":0,"ind":17,"ty":4,"nm":"chan L","parent":14,"sr":1,"ks":{"o":{"a":0,"k":100,"ix":11},"r":{"a":1,"k":[{"i":{"x":[0.571],"y":[0.211]},"o":{"x":[0.212],"y":[0]},"t":5,"s":[-0.318]},{"i":{"x":[0.65],"y":[0.588]},"o":{"x":[0.313],"y":[0.239]},"t":12.091,"s":[2.465]},{"i":{"x":[0.704],"y":[1]},"o":{"x":[0.336],"y":[0.354]},"t":16.818,"s":[6.933]},{"i":{"x":[0.704],"y":[1]},"o":{"x":[0.167],"y":[0]},"t":31,"s":[21.907]},{"i":{"x":[0.664],"y":[0.646]},"o":{"x":[0.296],"y":[0]},"t":37,"s":[21.907]},{"i":{"x":[0.687],"y":[0.761]},"o":{"x":[0.35],"y":[0.412]},"t":51.182,"s":[6.933]},{"i":{"x":[0.788],"y":[1]},"o":{"x":[0.429],"y":[0.789]},"t":55.909,"s":[2.465]},{"t":63,"s":[-0.318]}],"ix":10},"p":{"a":1,"k":[{"i":{"x":0.667,"y":1},"o":{"x":0.333,"y":0},"t":5,"s":[858.626,594.231,0],"to":[0.672,-0.164,0],"ti":[-0.672,0.164,0]},{"i":{"x":0.667,"y":0.667},"o":{"x":0.167,"y":0.167},"t":31,"s":[862.661,593.246,0],"to":[0,0,0],"ti":[0,0,0]},{"i":{"x":0.667,"y":1},"o":{"x":0.333,"y":0},"t":37,"s":[862.661,593.246,0],"to":[-0.672,0.164,0],"ti":[0.672,-0.164,0]},{"t":63,"s":[858.626,594.231,0]}],"ix":2,"l":2},"a":{"a":0,"k":[-40.929,10.771,0],"ix":1,"l":2},"s":{"a":0,"k":[100,100,100],"ix":6,"l":2}},"ao":0,"shapes":[{"ty":"gr","it":[{"ind":0,"ty":"sh","ix":1,"ks":{"a":1,"k":[{"i":{"x":0.667,"y":1},"o":{"x":0.333,"y":0},"t":5,"s":[{"i":[[-4.804,5.606],[-10.849,7.451],[-15.277,-0.261],[0,0],[0.425,-13.489],[15.383,-3.78],[9.281,-1.046],[10.448,-12.025],[4.133,6.475]],"o":[[0,0],[0,0],[0,0],[0,0],[0,0],[0,0],[0,0],[0,0],[0,0]],"v":[[-44.626,1.435],[-12.327,-13.092],[21.148,-24.677],[39.362,-25.832],[54.054,-12.631],[38.679,-1.512],[-0.54,7.753],[-28.002,18.69],[-46.188,18.44]],"c":true}]},{"i":{"x":0.667,"y":1},"o":{"x":0.167,"y":0},"t":31,"s":[{"i":[[-6.178,5.892],[-10.849,7.451],[-15.277,-0.261],[0,0],[0.425,-13.489],[15.383,-3.78],[9.281,-1.046],[10.448,-12.025],[4.133,6.475]],"o":[[0,0],[0,0],[0,0],[0,0],[0,0],[0,0],[0,0],[0,0],[0,0]],"v":[[-47.995,1.415],[-12.327,-13.092],[21.148,-24.677],[39.362,-25.832],[54.054,-12.631],[38.679,-1.512],[-0.54,7.753],[-28.002,18.69],[-46.188,18.44]],"c":true}]},{"i":{"x":0.667,"y":1},"o":{"x":0.333,"y":0},"t":37,"s":[{"i":[[-6.178,5.892],[-10.849,7.451],[-15.277,-0.261],[0,0],[0.425,-13.489],[15.383,-3.78],[9.281,-1.046],[10.448,-12.025],[4.133,6.475]],"o":[[0,0],[0,0],[0,0],[0,0],[0,0],[0,0],[0,0],[0,0],[0,0]],"v":[[-47.995,1.415],[-12.327,-13.092],[21.148,-24.677],[39.362,-25.832],[54.054,-12.631],[38.679,-1.512],[-0.54,7.753],[-28.002,18.69],[-46.188,18.44]],"c":true}]},{"t":63,"s":[{"i":[[-4.804,5.606],[-10.849,7.451],[-15.277,-0.261],[0,0],[0.425,-13.489],[15.383,-3.78],[9.281,-1.046],[10.448,-12.025],[4.133,6.475]],"o":[[0,0],[0,0],[0,0],[0,0],[0,0],[0,0],[0,0],[0,0],[0,0]],"v":[[-44.626,1.435],[-12.327,-13.092],[21.148,-24.677],[39.362,-25.832],[54.054,-12.631],[38.679,-1.512],[-0.54,7.753],[-28.002,18.69],[-46.188,18.44]],"c":true}]}],"ix":2},"nm":"Path 1","mn":"ADBE Vector Shape - Group","hd":false},{"ty":"fl","c":{"a":0,"k":[0.854901969433,0.694117665291,0.580392181873,1],"ix":4},"o":{"a":0,"k":100,"ix":5},"r":1,"bm":0,"nm":"Fill 1","mn":"ADBE Vector Graphic - Fill","hd":false},{"ty":"tr","p":{"a":0,"k":[0,0],"ix":2},"a":{"a":0,"k":[0,0],"ix":1},"s":{"a":0,"k":[100,100],"ix":3},"r":{"a":0,"k":0,"ix":6},"o":{"a":0,"k":100,"ix":7},"sk":{"a":0,"k":0,"ix":4},"sa":{"a":0,"k":0,"ix":5},"nm":"Transform"}],"nm":"chan L","np":2,"cix":2,"bm":0,"ix":1,"mn":"ADBE Vector Group","hd":false}],"ip":0,"op":159,"st":0,"bm":0},{"ddd":0,"ind":18,"ty":4,"nm":"dui L","parent":17,"sr":1,"ks":{"o":{"a":0,"k":100,"ix":11},"r":{"a":0,"k":0,"ix":10},"p":{"a":0,"k":[27.389,-8.725,0],"ix":2,"l":2},"a":{"a":0,"k":[-22.709,8.613,0],"ix":1,"l":2},"s":{"a":0,"k":[100,100,100],"ix":6,"l":2}},"ao":0,"shapes":[{"ty":"gr","it":[{"ind":0,"ty":"sh","ix":1,"ks":{"a":0,"k":{"i":[[0,0],[0,0],[-3.006,-9.804],[-9.499,-1.089],[-23.921,15.947]],"o":[[0,0],[0,0],[0,0],[0,0],[0,0]],"v":[[3.194,-18.367],[-21.38,-6.995],[-29.746,7.906],[-17.459,18.364],[30.252,3.07]],"c":true},"ix":2},"nm":"Path 1","mn":"ADBE Vector Shape - Group","hd":false},{"ty":"fl","c":{"a":0,"k":[0.854901969433,0.694117665291,0.580392181873,1],"ix":4},"o":{"a":0,"k":100,"ix":5},"r":1,"bm":0,"nm":"Fill 1","mn":"ADBE Vector Graphic - Fill","hd":false},{"ty":"tr","p":{"a":0,"k":[0,0],"ix":2},"a":{"a":0,"k":[0,0],"ix":1},"s":{"a":0,"k":[100,100],"ix":3},"r":{"a":0,"k":0,"ix":6},"o":{"a":0,"k":100,"ix":7},"sk":{"a":0,"k":0,"ix":4},"sa":{"a":0,"k":0,"ix":5},"nm":"Transform"}],"nm":"dui L","np":2,"cix":2,"bm":0,"ix":1,"mn":"ADBE Vector Group","hd":false}],"ip":0,"op":129,"st":0,"bm":0},{"ddd":0,"ind":19,"ty":4,"nm":"ban tay L","sr":1,"ks":{"o":{"a":0,"k":100,"ix":11},"r":{"a":0,"k":-1.74,"ix":10},"p":{"a":0,"k":[493.907,652.592,0],"ix":2,"l":2},"a":{"a":0,"k":[-16.5,-3.5,0],"ix":1,"l":2},"s":{"a":0,"k":[100,100,100],"ix":6,"l":2}},"ao":0,"shapes":[{"ty":"gr","it":[{"ind":0,"ty":"sh","ix":1,"ks":{"a":0,"k":{"i":[[3.461,-3.531],[-6.449,-2.789],[-4.397,-1.035],[0,0],[3.66,2.876],[-3.747,-1.046],[-3.137,0.959],[0.087,1.307],[0,2.026],[3.84,0.626],[2.048,0.828],[0.131,0],[7.017,1.519]],"o":[[0,0],[0,0],[0,0],[0,0],[0,0],[0,0],[0,0],[0,0],[0,0],[0,0],[0,0],[-0.131,0],[0,0]],"v":[[-22.709,-6.695],[-16.177,4.164],[-6.243,5.907],[-2.234,7.127],[-2.67,3.467],[9.269,6.43],[20.031,8.303],[21.077,6.647],[22.999,4.992],[19.16,3.336],[17.504,1.855],[3.822,-2.888],[-11.297,-8.341]],"c":true},"ix":2},"nm":"Path 1","mn":"ADBE Vector Shape - Group","hd":false},{"ty":"fl","c":{"a":0,"k":[0.854901969433,0.694117665291,0.580392181873,1],"ix":4},"o":{"a":0,"k":100,"ix":5},"r":1,"bm":0,"nm":"Fill 1","mn":"ADBE Vector Graphic - Fill","hd":false},{"ty":"tr","p":{"a":0,"k":[0,0],"ix":2},"a":{"a":0,"k":[0,0],"ix":1},"s":{"a":0,"k":[100,100],"ix":3},"r":{"a":0,"k":0,"ix":6},"o":{"a":0,"k":100,"ix":7},"sk":{"a":0,"k":0,"ix":4},"sa":{"a":0,"k":0,"ix":5},"nm":"Transform"}],"nm":"ban tay L","np":2,"cix":2,"bm":0,"ix":1,"mn":"ADBE Vector Group","hd":false}],"ip":0,"op":125,"st":0,"bm":0},{"ddd":0,"ind":20,"ty":4,"nm":"cang tay L","sr":1,"ks":{"o":{"a":0,"k":100,"ix":11},"r":{"a":1,"k":[{"i":{"x":[0.641],"y":[0.894]},"o":{"x":[0.303],"y":[0]},"t":5,"s":[1.805]},{"i":{"x":[0.657],"y":[0.908]},"o":{"x":[0.32],"y":[0.11]},"t":9.728,"s":[-3.708]},{"i":{"x":[0.734],"y":[1]},"o":{"x":[0.355],"y":[0.214]},"t":14.454,"s":[-8.425]},{"i":{"x":[0.734],"y":[1]},"o":{"x":[0.167],"y":[0]},"t":31,"s":[-15.748]},{"i":{"x":[0.645],"y":[0.786]},"o":{"x":[0.266],"y":[0]},"t":37,"s":[-15.748]},{"i":{"x":[0.68],"y":[0.89]},"o":{"x":[0.343],"y":[0.092]},"t":53.546,"s":[-8.425]},{"i":{"x":[0.697],"y":[1]},"o":{"x":[0.359],"y":[0.106]},"t":58.272,"s":[-3.708]},{"t":63,"s":[1.805]}],"ix":10},"p":{"a":0,"k":[494.88,650.566,0],"ix":2,"l":2},"a":{"a":0,"k":[8.393,39.994,0],"ix":1,"l":2},"s":{"a":0,"k":[100,100,100],"ix":6,"l":2}},"ao":0,"shapes":[{"ty":"gr","it":[{"ind":0,"ty":"sh","ix":1,"ks":{"a":1,"k":[{"i":{"x":0.833,"y":0.859},"o":{"x":0.167,"y":0},"t":5,"s":[{"i":[[2.004,-5.577],[-5.577,-17.777],[-2.876,-5.751],[-7.669,2.44],[0.174,2.44],[-0.784,20.827],[8.017,7.494],[5.839,-0.349]],"o":[[0,0],[0,0],[0,0],[0,0],[0,0],[0,0],[0,0],[0,0]],"v":[[-13.295,-37.556],[-10.332,4.796],[1.846,41.113],[12.413,42.093],[13.894,37.736],[11.018,9.327],[5.092,-36.162],[-5.626,-42.959]],"c":true}]},{"i":{"x":0.667,"y":1},"o":{"x":0.167,"y":0.141},"t":14.454,"s":[{"i":[[2.004,-5.301],[-5.577,-17.777],[-2.876,-5.751],[-7.669,2.44],[0.174,2.44],[-0.784,20.827],[7.491,7.788],[7.252,-0.588]],"o":[[-2.004,5.301],[0,0],[0,0],[0,0],[0,0],[0,0],[0,0],[0,0]],"v":[[-13.739,-31.879],[-10.332,4.796],[1.846,41.113],[12.413,42.093],[13.894,37.736],[11.018,9.327],[5.824,-30.791],[-5.19,-37]],"c":true}]},{"i":{"x":0.667,"y":1},"o":{"x":0.167,"y":0},"t":31,"s":[{"i":[[1.334,-4.918],[-5.577,-17.777],[-2.876,-5.751],[-7.669,2.44],[0.174,2.44],[-0.784,20.827],[6.702,8.228],[7.198,-0.966]],"o":[[0,0],[0,0],[0,0],[0,0],[0,0],[0,0],[0,0],[0,0]],"v":[[-14.404,-23.378],[-10.332,4.796],[1.846,41.113],[12.413,42.093],[13.894,37.736],[11.018,9.327],[6.302,-22.84],[-6.08,-28.307]],"c":true}]},{"i":{"x":0.833,"y":0.859},"o":{"x":0.333,"y":0},"t":37,"s":[{"i":[[1.334,-4.918],[-5.577,-17.777],[-2.876,-5.751],[-7.669,2.44],[0.174,2.44],[-0.784,20.827],[6.702,8.228],[7.198,-0.966]],"o":[[0,0],[0,0],[0,0],[0,0],[0,0],[0,0],[0,0],[0,0]],"v":[[-14.404,-23.378],[-10.332,4.796],[1.846,41.113],[12.413,42.093],[13.894,37.736],[11.018,9.327],[6.302,-22.84],[-6.08,-28.307]],"c":true}]},{"i":{"x":0.833,"y":1},"o":{"x":0.167,"y":0.141},"t":53.546,"s":[{"i":[[2.004,-5.301],[-5.577,-17.777],[-2.876,-5.751],[-7.669,2.44],[0.174,2.44],[-0.784,20.827],[7.491,7.788],[7.252,-0.588]],"o":[[-2.004,5.301],[0,0],[0,0],[0,0],[0,0],[0,0],[0,0],[0,0]],"v":[[-13.739,-31.879],[-10.332,4.796],[1.846,41.113],[12.413,42.093],[13.894,37.736],[11.018,9.327],[5.824,-30.791],[-5.19,-37]],"c":true}]},{"t":63,"s":[{"i":[[2.004,-5.577],[-5.577,-17.777],[-2.876,-5.751],[-7.669,2.44],[0.174,2.44],[-0.784,20.827],[8.017,7.494],[5.839,-0.349]],"o":[[0,0],[0,0],[0,0],[0,0],[0,0],[0,0],[0,0],[0,0]],"v":[[-13.295,-37.556],[-10.332,4.796],[1.846,41.113],[12.413,42.093],[13.894,37.736],[11.018,9.327],[5.092,-36.162],[-5.626,-42.959]],"c":true}]}],"ix":2},"nm":"Path 1","mn":"ADBE Vector Shape - Group","hd":false},{"ty":"fl","c":{"a":0,"k":[0.854901969433,0.694117665291,0.580392181873,1],"ix":4},"o":{"a":0,"k":100,"ix":5},"r":1,"bm":0,"nm":"Fill 1","mn":"ADBE Vector Graphic - Fill","hd":false},{"ty":"tr","p":{"a":0,"k":[0,0],"ix":2},"a":{"a":0,"k":[0,0],"ix":1},"s":{"a":0,"k":[100,100],"ix":3},"r":{"a":0,"k":0,"ix":6},"o":{"a":0,"k":100,"ix":7},"sk":{"a":0,"k":0,"ix":4},"sa":{"a":0,"k":0,"ix":5},"nm":"Transform"}],"nm":"cang tay L","np":2,"cix":2,"bm":0,"ix":1,"mn":"ADBE Vector Group","hd":false}],"ip":0,"op":125,"st":0,"bm":0},{"ddd":0,"ind":21,"ty":4,"nm":"canh tay L","parent":22,"sr":1,"ks":{"o":{"a":0,"k":100,"ix":11},"r":{"a":1,"k":[{"i":{"x":[0.703],"y":[1]},"o":{"x":[0.231],"y":[0]},"t":5,"s":[8.864]},{"i":{"x":[0.703],"y":[1]},"o":{"x":[0.167],"y":[0]},"t":31,"s":[-2.196]},{"i":{"x":[0.769],"y":[1]},"o":{"x":[0.297],"y":[0]},"t":37,"s":[-2.196]},{"t":63,"s":[8.864]}],"ix":10},"p":{"a":1,"k":[{"i":{"x":0.667,"y":0.667},"o":{"x":0.333,"y":0.333},"t":5,"s":[-0.27,3.671,0],"to":[0,0,0],"ti":[0,0,0]},{"i":{"x":0.667,"y":0.667},"o":{"x":0.167,"y":0.167},"t":31,"s":[-0.27,3.671,0],"to":[0,0,0],"ti":[0,0,0]},{"i":{"x":0.667,"y":0.667},"o":{"x":0.333,"y":0.333},"t":37,"s":[-0.27,3.671,0],"to":[0,0,0],"ti":[0,0,0]},{"t":63,"s":[-0.27,3.671,0]}],"ix":2,"l":2},"a":{"a":0,"k":[-2,-25.5,0],"ix":1,"l":2},"s":{"a":0,"k":[100,100,100],"ix":6,"l":2}},"ao":0,"shapes":[{"ty":"gr","it":[{"ind":0,"ty":"sh","ix":1,"ks":{"a":1,"k":[{"i":{"x":0.833,"y":0.859},"o":{"x":0.167,"y":0},"t":5,"s":[{"i":[[0.523,-10.806],[-8.889,-12.897],[-4.815,0.871],[-1.359,7.32],[2.476,12.026],[11.852,-2.451]],"o":[[0,0],[0,0],[0,0],[0,0],[0,0],[0,0]],"v":[[-13.901,-26.327],[-3.095,32.582],[6.033,36.59],[12.801,27.702],[12.801,-22.319],[-3.095,-36.447]],"c":true}]},{"i":{"x":0.833,"y":0.859},"o":{"x":0.167,"y":0.141},"t":14.454,"s":[{"i":[[0.523,-10.806],[-8.889,-12.897],[-4.88,-0.226],[-1.344,7.719],[2.476,12.026],[11.852,-2.451]],"o":[[0,0],[0,0],[0,0],[0,0],[0,0],[0,0]],"v":[[-13.901,-26.327],[-4.151,24.224],[4.481,30.645],[13.295,21.952],[12.801,-22.319],[-3.095,-36.447]],"c":true}]},{"i":{"x":0.833,"y":0.859},"o":{"x":0.167,"y":0.141},"t":15.637,"s":[{"i":[[0.523,-10.806],[-8.889,-12.897],[-4.699,-0.172],[-1.342,7.774],[2.476,12.026],[11.852,-2.451]],"o":[[0,0],[0,0],[0,0],[0,0],[0,0],[0,0]],"v":[[-13.901,-26.327],[-4.249,24.114],[4.084,29.555],[13.098,21.551],[12.801,-22.319],[-3.095,-36.447]],"c":true}]},{"i":{"x":0.833,"y":0.859},"o":{"x":0.167,"y":0.141},"t":16.818,"s":[{"i":[[0.523,-10.806],[-8.889,-12.897],[-4.836,0.506],[-1.34,7.828],[2.476,12.026],[11.852,-2.451]],"o":[[0,0],[0,0],[0,0],[0,0],[0,0],[0,0]],"v":[[-13.901,-26.327],[-4.747,24.303],[3.986,29.49],[12.901,21.15],[12.801,-22.319],[-3.095,-36.447]],"c":true}]},{"i":{"x":0.667,"y":1},"o":{"x":0.167,"y":0.141},"t":18,"s":[{"i":[[0.523,-10.806],[-8.889,-12.897],[-4.815,0.871],[-1.338,7.882],[2.476,12.026],[11.852,-2.451]],"o":[[0,0],[0,0],[0,0],[0,0],[0,0],[0,0]],"v":[[-13.901,-26.327],[-4.577,23.874],[3.739,28.913],[12.705,20.748],[12.801,-22.319],[-3.095,-36.447]],"c":true}]},{"i":{"x":0.667,"y":1},"o":{"x":0.167,"y":0},"t":31,"s":[{"i":[[0.523,-10.806],[-8.889,-12.897],[-4.815,0.871],[-1.322,8.317],[2.476,12.026],[11.852,-2.451]],"o":[[0,0],[0,0],[0,0],[0,0],[0,0],[0,0]],"v":[[-13.901,-26.327],[-5.401,22.269],[2.641,26.258],[11.541,16.065],[12.801,-22.319],[-3.095,-36.447]],"c":true}]},{"i":{"x":0.833,"y":0.859},"o":{"x":0.333,"y":0},"t":37,"s":[{"i":[[0.523,-10.806],[-8.889,-12.897],[-4.815,0.871],[-1.322,8.317],[2.476,12.026],[11.852,-2.451]],"o":[[0,0],[0,0],[0,0],[0,0],[0,0],[0,0]],"v":[[-13.901,-26.327],[-5.401,22.269],[2.641,26.258],[11.541,16.065],[12.801,-22.319],[-3.095,-36.447]],"c":true}]},{"i":{"x":0.833,"y":0.859},"o":{"x":0.167,"y":0.141},"t":50,"s":[{"i":[[0.523,-10.806],[-8.889,-12.897],[-4.815,0.871],[-1.338,7.882],[2.476,12.026],[11.852,-2.451]],"o":[[0,0],[0,0],[0,0],[0,0],[0,0],[0,0]],"v":[[-13.901,-26.327],[-4.577,23.874],[3.739,28.913],[12.705,20.748],[12.801,-22.319],[-3.095,-36.447]],"c":true}]},{"i":{"x":0.833,"y":0.859},"o":{"x":0.167,"y":0.141},"t":51.182,"s":[{"i":[[0.523,-10.806],[-8.889,-12.897],[-4.836,0.506],[-1.34,7.828],[2.476,12.026],[11.852,-2.451]],"o":[[0,0],[0,0],[0,0],[0,0],[0,0],[0,0]],"v":[[-13.901,-26.327],[-4.747,24.303],[3.986,29.49],[12.901,21.15],[12.801,-22.319],[-3.095,-36.447]],"c":true}]},{"i":{"x":0.833,"y":0.859},"o":{"x":0.167,"y":0.141},"t":52.363,"s":[{"i":[[0.523,-10.806],[-8.889,-12.897],[-4.699,-0.172],[-1.342,7.774],[2.476,12.026],[11.852,-2.451]],"o":[[0,0],[0,0],[0,0],[0,0],[0,0],[0,0]],"v":[[-13.901,-26.327],[-4.249,24.114],[4.084,29.555],[13.098,21.551],[12.801,-22.319],[-3.095,-36.447]],"c":true}]},{"i":{"x":0.833,"y":1},"o":{"x":0.167,"y":0.141},"t":53.546,"s":[{"i":[[0.523,-10.806],[-8.889,-12.897],[-4.88,-0.226],[-1.344,7.719],[2.476,12.026],[11.852,-2.451]],"o":[[0,0],[0,0],[0,0],[0,0],[0,0],[0,0]],"v":[[-13.901,-26.327],[-4.151,24.224],[4.481,30.645],[13.295,21.952],[12.801,-22.319],[-3.095,-36.447]],"c":true}]},{"t":63,"s":[{"i":[[0.523,-10.806],[-8.889,-12.897],[-4.815,0.871],[-1.359,7.32],[2.476,12.026],[11.852,-2.451]],"o":[[0,0],[0,0],[0,0],[0,0],[0,0],[0,0]],"v":[[-13.901,-26.327],[-3.095,32.582],[6.033,36.59],[12.801,27.702],[12.801,-22.319],[-3.095,-36.447]],"c":true}]}],"ix":2},"nm":"Path 1","mn":"ADBE Vector Shape - Group","hd":false},{"ty":"fl","c":{"a":0,"k":[0.854901969433,0.694117665291,0.580392181873,1],"ix":4},"o":{"a":0,"k":100,"ix":5},"r":1,"bm":0,"nm":"Fill 1","mn":"ADBE Vector Graphic - Fill","hd":false},{"ty":"tr","p":{"a":0,"k":[0,0],"ix":2},"a":{"a":0,"k":[0,0],"ix":1},"s":{"a":0,"k":[100,100],"ix":3},"r":{"a":0,"k":0,"ix":6},"o":{"a":0,"k":100,"ix":7},"sk":{"a":0,"k":0,"ix":4},"sa":{"a":0,"k":0,"ix":5},"nm":"Transform"}],"nm":"canh tay L","np":2,"cix":2,"bm":0,"ix":1,"mn":"ADBE Vector Group","hd":false}],"ip":0,"op":125,"st":0,"bm":0},{"ddd":0,"ind":22,"ty":4,"nm":"cau vai L","parent":11,"sr":1,"ks":{"o":{"a":0,"k":100,"ix":11},"r":{"a":1,"k":[{"i":{"x":[0.632],"y":[0.626]},"o":{"x":[0.292],"y":[0]},"t":5,"s":[0]},{"i":{"x":[0.658],"y":[0.734]},"o":{"x":[0.323],"y":[0.238]},"t":9.728,"s":[11.914]},{"i":{"x":[0.661],"y":[0.597]},"o":{"x":[0.327],"y":[0.198]},"t":12.091,"s":[20.107]},{"i":{"x":[0.664],"y":[-0.22]},"o":{"x":[0.329],"y":[1.073]},"t":14.454,"s":[30.599]},{"i":{"x":[0.725],"y":[1]},"o":{"x":[0.361],"y":[0.407]},"t":18,"s":[36.341]},{"i":{"x":[0.725],"y":[1]},"o":{"x":[0.167],"y":[0]},"t":31,"s":[104.215]},{"i":{"x":[0.639],"y":[0.593]},"o":{"x":[0.275],"y":[0]},"t":37,"s":[104.215]},{"i":{"x":[0.671],"y":[-0.073]},"o":{"x":[0.336],"y":[1.22]},"t":50,"s":[36.341]},{"i":{"x":[0.673],"y":[0.802]},"o":{"x":[0.339],"y":[0.403]},"t":53.546,"s":[30.599]},{"i":{"x":[0.677],"y":[0.762]},"o":{"x":[0.342],"y":[0.266]},"t":55.909,"s":[20.107]},{"i":{"x":[0.708],"y":[1]},"o":{"x":[0.368],"y":[0.374]},"t":58.272,"s":[11.914]},{"t":63,"s":[0]}],"ix":10},"p":{"a":1,"k":[{"i":{"x":0.667,"y":1},"o":{"x":0.333,"y":0},"t":5,"s":[52.474,5.197,0],"to":[-1.893,-5.353,0],"ti":[1.893,5.353,0]},{"i":{"x":0.667,"y":0.667},"o":{"x":0.167,"y":0.167},"t":31,"s":[41.118,-26.924,0],"to":[0,0,0],"ti":[0,0,0]},{"i":{"x":0.667,"y":1},"o":{"x":0.333,"y":0},"t":37,"s":[41.118,-26.924,0],"to":[1.893,5.353,0],"ti":[-1.893,-5.353,0]},{"t":63,"s":[52.474,5.197,0]}],"ix":2,"l":2},"a":{"a":0,"k":[0,0,0],"ix":1,"l":2},"s":{"a":0,"k":[100,100,100],"ix":6,"l":2}},"ao":0,"shapes":[{"ty":"gr","it":[{"ind":0,"ty":"sh","ix":1,"ks":{"a":1,"k":[{"i":{"x":0.667,"y":1},"o":{"x":0.167,"y":0},"t":5,"s":[{"i":[[5.574,-2.619],[1.414,-10.701],[-13.93,-8.923],[-6.818,21.201],[12.812,6.9]],"o":[[-5.79,2.721],[0,0],[0,0],[0,0],[-5.422,-2.92]],"v":[[-9.818,-21.731],[-21.924,-0.68],[-8.514,23.252],[17.613,7.78],[9.369,-22.945]],"c":true}]},{"i":{"x":0.667,"y":1},"o":{"x":0.167,"y":0},"t":31,"s":[{"i":[[5.574,-2.619],[1.414,-10.701],[-13.93,-8.923],[-6.818,21.201],[12.812,6.9]],"o":[[-5.79,2.721],[0,0],[0,0],[0,0],[-5.422,-2.92]],"v":[[-3.788,-22.739],[-17.608,-1.752],[-4.934,23.676],[17.613,7.78],[10.341,-22.504]],"c":true}]},{"i":{"x":0.833,"y":1},"o":{"x":0.333,"y":0},"t":37,"s":[{"i":[[5.574,-2.619],[1.414,-10.701],[-13.93,-8.923],[-6.818,21.201],[12.812,6.9]],"o":[[-5.79,2.721],[0,0],[0,0],[0,0],[-5.422,-2.92]],"v":[[-3.788,-22.739],[-17.608,-1.752],[-4.934,23.676],[17.613,7.78],[10.341,-22.504]],"c":true}]},{"t":63,"s":[{"i":[[5.574,-2.619],[1.414,-10.701],[-13.93,-8.923],[-6.818,21.201],[12.812,6.9]],"o":[[-5.79,2.721],[0,0],[0,0],[0,0],[-5.422,-2.92]],"v":[[-9.818,-21.731],[-21.924,-0.68],[-8.514,23.252],[17.613,7.78],[9.369,-22.945]],"c":true}]}],"ix":2},"nm":"Path 1","mn":"ADBE Vector Shape - Group","hd":false},{"ty":"fl","c":{"a":0,"k":[0.854901969433,0.694117665291,0.580392181873,1],"ix":4},"o":{"a":0,"k":100,"ix":5},"r":1,"bm":0,"nm":"Fill 1","mn":"ADBE Vector Graphic - Fill","hd":false},{"ty":"tr","p":{"a":0,"k":[0,0],"ix":2},"a":{"a":0,"k":[0,0],"ix":1},"s":{"a":0,"k":[100,100],"ix":3},"r":{"a":0,"k":0,"ix":6},"o":{"a":0,"k":100,"ix":7},"sk":{"a":0,"k":0,"ix":4},"sa":{"a":0,"k":0,"ix":5},"nm":"Transform"}],"nm":"cau vai L","np":2,"cix":2,"bm":0,"ix":1,"mn":"ADBE Vector Group","hd":false}],"ip":0,"op":125,"st":0,"bm":0},{"ddd":0,"ind":23,"ty":4,"nm":"tham","sr":1,"ks":{"o":{"a":0,"k":100,"ix":11},"r":{"a":0,"k":0,"ix":10},"p":{"a":0,"k":[357.758,665.628,0],"ix":2,"l":2},"a":{"a":0,"k":[997.758,665.628,0],"ix":1,"l":2},"s":{"a":0,"k":[100,100,100],"ix":6,"l":2}},"ao":0,"shapes":[{"ty":"gr","it":[{"ind":0,"ty":"sh","ix":1,"ks":{"a":0,"k":{"i":[[0,0],[0,0],[0,0],[0,0]],"o":[[0,0],[0,0],[0,0],[0,0]],"v":[[272.236,-1.799],[200.081,47.089],[-272.236,-13.476],[-142.164,-47.089]],"c":true},"ix":2},"nm":"Path 1","mn":"ADBE Vector Shape - Group","hd":false},{"ty":"fl","c":{"a":0,"k":[0.482352942228,0.78823530674,0.835294127464,1],"ix":4},"o":{"a":0,"k":100,"ix":5},"r":1,"bm":0,"nm":"Fill 1","mn":"ADBE Vector Graphic - Fill","hd":false},{"ty":"tr","p":{"a":0,"k":[997.758,663.536],"ix":2},"a":{"a":0,"k":[0,0],"ix":1},"s":{"a":0,"k":[100,100],"ix":3},"r":{"a":0,"k":0,"ix":6},"o":{"a":0,"k":100,"ix":7},"sk":{"a":0,"k":0,"ix":4},"sa":{"a":0,"k":0,"ix":5},"nm":"Transform"}],"nm":"Group 1","np":2,"cix":2,"bm":0,"ix":1,"mn":"ADBE Vector Group","hd":false},{"ty":"gr","it":[{"ind":0,"ty":"sh","ix":1,"ks":{"a":0,"k":{"i":[[0,0],[0,0],[0,0],[0,0],[0,0]],"o":[[0,0],[0,0],[0,0],[0,0],[0,0]],"v":[[-272.236,-32.374],[-272.236,-28.932],[200.081,32.374],[272.236,-17.037],[272.236,-20.697]],"c":true},"ix":2},"nm":"Path 1","mn":"ADBE Vector Shape - Group","hd":false},{"ty":"fl","c":{"a":0,"k":[0.317647069693,0.678431391716,0.737254917622,1],"ix":4},"o":{"a":0,"k":100,"ix":5},"r":1,"bm":0,"nm":"Fill 1","mn":"ADBE Vector Graphic - Fill","hd":false},{"ty":"tr","p":{"a":0,"k":[997.758,682.434],"ix":2},"a":{"a":0,"k":[0,0],"ix":1},"s":{"a":0,"k":[100,100],"ix":3},"r":{"a":0,"k":0,"ix":6},"o":{"a":0,"k":100,"ix":7},"sk":{"a":0,"k":0,"ix":4},"sa":{"a":0,"k":0,"ix":5},"nm":"Transform"}],"nm":"Group 2","np":2,"cix":2,"bm":0,"ix":2,"mn":"ADBE Vector Group","hd":false}],"ip":0,"op":251,"st":0,"bm":0}]}],"layers":[{"ddd":0,"ind":1,"ty":0,"nm":"Pre-comp 1","refId":"comp_0","sr":1,"ks":{"o":{"a":0,"k":100,"ix":11},"r":{"a":0,"k":0,"ix":10},"p":{"a":0,"k":[363,164,0],"ix":2,"l":2},"a":{"a":0,"k":[360,360,0],"ix":1,"l":2},"s":{"a":0,"k":[130.833,130.833,100],"ix":6,"l":2}},"ao":0,"w":720,"h":720,"ip":0,"op":251,"st":0,"bm":0},{"ddd":0,"ind":3,"ty":1,"nm":"White Solid 1","sr":1,"ks":{"o":{"a":0,"k":100,"ix":11},"r":{"a":0,"k":0,"ix":10},"p":{"a":0,"k":[360,360,0],"ix":2,"l":2},"a":{"a":0,"k":[360,360,0],"ix":1,"l":2},"s":{"a":0,"k":[100,100,100],"ix":6,"l":2}},"ao":0,"sw":720,"sh":720,"sc":"#f5f5f5","ip":0,"op":251,"st":0,"bm":0}],"markers":[{"tm":22,"cm":"1","dr":0},{"tm":38,"cm":"2","dr":0},{"tm":44,"cm":"3","dr":0},{"tm":48,"cm":"5","dr":0},{"tm":49,"cm":"4","dr":0},{"tm":55,"cm":"6","dr":0},{"tm":58,"cm":"8","dr":0},{"tm":64,"cm":"9","dr":0},{"tm":68,"cm":"12","dr":0},{"tm":77,"cm":"10","dr":0},{"tm":84,"cm":"11","dr":0},{"tm":136,"cm":"7","dr":0}]}