{"v":"5.7.12","fr":25,"ip":0,"op":33,"w":720,"h":720,"nm":"jumping_squats","ddd":1,"assets":[{"id":"comp_0","nm":"jumping_squats_loop","layers":[{"ddd":0,"ind":1,"ty":4,"nm":"giay L 2","parent":18,"sr":1,"ks":{"o":{"a":0,"k":100,"ix":11},"r":{"a":1,"k":[{"i":{"x":[0.57],"y":[0.765]},"o":{"x":[0.21],"y":[0]},"t":8,"s":[3.428]},{"i":{"x":[0.701],"y":[1]},"o":{"x":[0.306],"y":[1]},"t":10,"s":[25.38]},{"t":15,"s":[34.56]}],"ix":10},"p":{"a":1,"k":[{"i":{"x":0.667,"y":0.813},"o":{"x":0.333,"y":0},"t":8,"s":[-24.561,82.023,0],"to":[-0.249,-0.189,0],"ti":[0.526,0.398,0]},{"i":{"x":0.667,"y":1},"o":{"x":0.333,"y":0.713},"t":10,"s":[-28.82,79.884,0],"to":[-1.615,-1.223,0],"ti":[0.765,0.579,0]},{"t":15,"s":[-30.644,77.419,0]}],"ix":2,"l":2},"a":{"a":0,"k":[390.719,655.412,0],"ix":1,"l":2},"s":{"a":0,"k":[100,100,100],"ix":6,"l":2}},"ao":0,"shapes":[{"ty":"gr","it":[{"ind":0,"ty":"sh","ix":1,"ks":{"a":0,"k":{"i":[[-1.801,-1.952],[-2.007,0.05],[-3.473,2.152],[-0.545,2.926],[-4.822,0.585],[-1.921,-4.524],[-15.363,-5.637],[-0.282,-4.121],[2.388,-3.473],[5.942,-0.438],[9.624,2.62],[1.57,0.706],[13.74,1.586],[1.959,2.73],[-2.821,1.46]],"o":[[1.361,1.476],[2.128,-0.053],[0,0],[0,0],[0,0],[0,0],[0,0],[0,0],[0,0],[0,0],[-1.661,-0.452],[-7.804,-3.51],[0,0],[0,0],[0,0]],"v":[[-31.506,-11.344],[-26.29,-8.969],[-17.919,-11.519],[-15.101,-15.749],[-8.468,-20.862],[-1.047,-17.472],[24.908,6.885],[38.824,13.492],[33.201,16.606],[25.413,20.604],[4.438,19.404],[-0.998,17.129],[-32.085,7.441],[-38.824,4.238],[-35.377,-13.421]],"c":true},"ix":2},"nm":"Path 1","mn":"ADBE Vector Shape - Group","hd":false},{"ty":"fl","c":{"a":0,"k":[0.152941182256,0.156862750649,0.156862750649,1],"ix":4},"o":{"a":0,"k":100,"ix":5},"r":1,"bm":0,"nm":"Fill 1","mn":"ADBE Vector Graphic - Fill","hd":false},{"ty":"tr","p":{"a":0,"k":[416.219,654.285],"ix":2},"a":{"a":0,"k":[0,0],"ix":1},"s":{"a":0,"k":[100,100],"ix":3},"r":{"a":0,"k":0,"ix":6},"o":{"a":0,"k":100,"ix":7},"sk":{"a":0,"k":0,"ix":4},"sa":{"a":0,"k":0,"ix":5},"nm":"Transform"}],"nm":"Group 1","np":2,"cix":2,"bm":0,"ix":1,"mn":"ADBE Vector Group","hd":false},{"ty":"gr","it":[{"ind":0,"ty":"sh","ix":1,"ks":{"a":0,"k":{"i":[[0,0],[0,0],[3.377,-1.999],[17.226,2.019],[3.41,1.251],[6.416,1.995],[12.159,0.722],[0,0],[-0.917,4.549]],"o":[[0,0],[0,0],[0,0],[-3.607,-0.423],[-4.794,-1.758],[0,0],[0,0],[0,0],[0,0]],"v":[[38.819,1.435],[38.567,5.867],[33.918,8.745],[10.536,10.454],[-0.025,7.937],[-15.026,2.544],[-32.365,-0.261],[-38.156,-1.116],[-38.482,-11.053]],"c":true},"ix":2},"nm":"Path 1","mn":"ADBE Vector Shape - Group","hd":false},{"ty":"fl","c":{"a":0,"k":[0.768627464771,0.305882364511,0.149019613862,1],"ix":4},"o":{"a":0,"k":100,"ix":5},"r":1,"bm":0,"nm":"Fill 1","mn":"ADBE Vector Graphic - Fill","hd":false},{"ty":"tr","p":{"a":0,"k":[416.224,666.342],"ix":2},"a":{"a":0,"k":[0,0],"ix":1},"s":{"a":0,"k":[100,100],"ix":3},"r":{"a":0,"k":0,"ix":6},"o":{"a":0,"k":100,"ix":7},"sk":{"a":0,"k":0,"ix":4},"sa":{"a":0,"k":0,"ix":5},"nm":"Transform"}],"nm":"Group 2","np":2,"cix":2,"bm":0,"ix":2,"mn":"ADBE Vector Group","hd":false},{"ty":"gr","it":[{"ind":0,"ty":"sh","ix":1,"ks":{"a":0,"k":{"i":[[0,0],[0,0],[2.289,-0.912],[11.971,1.4],[18.379,6.33],[1.266,0.149],[2.871,0.611],[0.127,0.435],[-2.957,2.335]],"o":[[0,0],[-0.323,2.443],[-3.309,1.319],[0,0],[-1.205,-0.415],[-4.29,-0.504],[-0.443,-0.094],[-0.696,-2.389],[0,0]],"v":[[38.674,3.149],[38.577,4.82],[34.306,10.244],[13.573,11.943],[-15.159,4.632],[-18.874,3.776],[-36.351,1.418],[-37.266,0.563],[-37.155,-12.454]],"c":true},"ix":2},"nm":"Path 1","mn":"ADBE Vector Shape - Group","hd":false},{"ty":"fl","c":{"a":0,"k":[0.078431375325,0.078431375325,0.078431375325,1],"ix":4},"o":{"a":0,"k":100,"ix":5},"r":1,"bm":0,"nm":"Fill 1","mn":"ADBE Vector Graphic - Fill","hd":false},{"ty":"tr","p":{"a":0,"k":[416.173,668.073],"ix":2},"a":{"a":0,"k":[0,0],"ix":1},"s":{"a":0,"k":[100,100],"ix":3},"r":{"a":0,"k":0,"ix":6},"o":{"a":0,"k":100,"ix":7},"sk":{"a":0,"k":0,"ix":4},"sa":{"a":0,"k":0,"ix":5},"nm":"Transform"}],"nm":"Group 3","np":2,"cix":2,"bm":0,"ix":3,"mn":"ADBE Vector Group","hd":false}],"ip":8,"op":28,"st":3,"bm":0},{"ddd":1,"ind":2,"ty":4,"nm":"giay L","sr":1,"ks":{"o":{"a":0,"k":100,"ix":11},"rx":{"a":0,"k":0,"ix":8},"ry":{"a":0,"k":0,"ix":9},"rz":{"a":0,"k":0,"ix":10},"or":{"a":0,"k":[0,0,0],"ix":7},"p":{"a":0,"k":[390.719,655.412,0],"ix":2},"a":{"a":0,"k":[390.719,655.412,0],"ix":1},"s":{"a":0,"k":[100,100,100],"ix":6}},"ao":0,"shapes":[{"ty":"gr","it":[{"ind":0,"ty":"sh","ix":1,"ks":{"a":0,"k":{"i":[[-1.801,-1.952],[-2.007,0.05],[-3.473,2.152],[-0.545,2.926],[-4.822,0.585],[-1.921,-4.524],[-15.363,-5.637],[-0.282,-4.121],[2.388,-3.473],[5.942,-0.438],[9.624,2.62],[1.57,0.706],[13.74,1.586],[1.959,2.73],[-2.821,1.46]],"o":[[1.361,1.476],[2.128,-0.053],[0,0],[0,0],[0,0],[0,0],[0,0],[0,0],[0,0],[0,0],[-1.661,-0.452],[-7.804,-3.51],[0,0],[0,0],[0,0]],"v":[[-31.506,-11.344],[-26.29,-8.969],[-17.919,-11.519],[-15.101,-15.749],[-8.468,-20.862],[-1.047,-17.472],[24.908,6.885],[38.824,13.492],[33.201,16.606],[25.413,20.604],[4.438,19.404],[-0.998,17.129],[-32.085,7.441],[-38.824,4.238],[-35.377,-13.421]],"c":true},"ix":2},"nm":"Path 1","mn":"ADBE Vector Shape - Group","hd":false},{"ty":"fl","c":{"a":0,"k":[0.152941182256,0.156862750649,0.156862750649,1],"ix":4},"o":{"a":0,"k":100,"ix":5},"r":1,"bm":0,"nm":"Fill 1","mn":"ADBE Vector Graphic - Fill","hd":false},{"ty":"tr","p":{"a":0,"k":[416.219,654.285],"ix":2},"a":{"a":0,"k":[0,0],"ix":1},"s":{"a":0,"k":[100,100],"ix":3},"r":{"a":0,"k":0,"ix":6},"o":{"a":0,"k":100,"ix":7},"sk":{"a":0,"k":0,"ix":4},"sa":{"a":0,"k":0,"ix":5},"nm":"Transform"}],"nm":"Group 1","np":2,"cix":2,"bm":0,"ix":1,"mn":"ADBE Vector Group","hd":false},{"ty":"gr","it":[{"ind":0,"ty":"sh","ix":1,"ks":{"a":0,"k":{"i":[[0,0],[0,0],[3.377,-1.999],[17.226,2.019],[3.41,1.251],[6.416,1.995],[12.159,0.722],[0,0],[-0.917,4.549]],"o":[[0,0],[0,0],[0,0],[-3.607,-0.423],[-4.794,-1.758],[0,0],[0,0],[0,0],[0,0]],"v":[[38.819,1.435],[38.567,5.867],[33.918,8.745],[10.536,10.454],[-0.025,7.937],[-15.026,2.544],[-32.365,-0.261],[-38.156,-1.116],[-38.482,-11.053]],"c":true},"ix":2},"nm":"Path 1","mn":"ADBE Vector Shape - Group","hd":false},{"ty":"fl","c":{"a":0,"k":[0.768627464771,0.305882364511,0.149019613862,1],"ix":4},"o":{"a":0,"k":100,"ix":5},"r":1,"bm":0,"nm":"Fill 1","mn":"ADBE Vector Graphic - Fill","hd":false},{"ty":"tr","p":{"a":0,"k":[416.224,666.342],"ix":2},"a":{"a":0,"k":[0,0],"ix":1},"s":{"a":0,"k":[100,100],"ix":3},"r":{"a":0,"k":0,"ix":6},"o":{"a":0,"k":100,"ix":7},"sk":{"a":0,"k":0,"ix":4},"sa":{"a":0,"k":0,"ix":5},"nm":"Transform"}],"nm":"Group 2","np":2,"cix":2,"bm":0,"ix":2,"mn":"ADBE Vector Group","hd":false},{"ty":"gr","it":[{"ind":0,"ty":"sh","ix":1,"ks":{"a":0,"k":{"i":[[0,0],[0,0],[2.289,-0.912],[11.971,1.4],[18.379,6.33],[1.266,0.149],[2.871,0.611],[0.127,0.435],[-2.957,2.335]],"o":[[0,0],[-0.323,2.443],[-3.309,1.319],[0,0],[-1.205,-0.415],[-4.29,-0.504],[-0.443,-0.094],[-0.696,-2.389],[0,0]],"v":[[38.674,3.149],[38.577,4.82],[34.306,10.244],[13.573,11.943],[-15.159,4.632],[-18.874,3.776],[-36.351,1.418],[-37.266,0.563],[-37.155,-12.454]],"c":true},"ix":2},"nm":"Path 1","mn":"ADBE Vector Shape - Group","hd":false},{"ty":"fl","c":{"a":0,"k":[0.078431375325,0.078431375325,0.078431375325,1],"ix":4},"o":{"a":0,"k":100,"ix":5},"r":1,"bm":0,"nm":"Fill 1","mn":"ADBE Vector Graphic - Fill","hd":false},{"ty":"tr","p":{"a":0,"k":[416.173,668.073],"ix":2},"a":{"a":0,"k":[0,0],"ix":1},"s":{"a":0,"k":[100,100],"ix":3},"r":{"a":0,"k":0,"ix":6},"o":{"a":0,"k":100,"ix":7},"sk":{"a":0,"k":0,"ix":4},"sa":{"a":0,"k":0,"ix":5},"nm":"Transform"}],"nm":"Group 3","np":2,"cix":2,"bm":0,"ix":3,"mn":"ADBE Vector Group","hd":false}],"ip":-4,"op":9,"st":3,"bm":0},{"ddd":1,"ind":3,"ty":4,"nm":"giay R 2","parent":10,"sr":1,"ks":{"o":{"a":0,"k":100,"ix":11},"rx":{"a":0,"k":0,"ix":8},"ry":{"a":0,"k":0,"ix":9},"rz":{"a":0,"k":-0.959,"ix":10},"or":{"a":0,"k":[0,0,0],"ix":7},"p":{"a":0,"k":[-9.619,76.485,0],"ix":2},"a":{"a":0,"k":[288.501,661.358,0],"ix":1},"s":{"a":0,"k":[100,100,100],"ix":6}},"ao":0,"shapes":[{"ty":"gr","it":[{"ind":0,"ty":"sh","ix":1,"ks":{"a":0,"k":{"i":[[-1.103,2.412],[-8.526,0.717],[-2.619,-4.805],[0,0],[0,0],[-0.414,-5.376],[0.276,-4.971],[-1.723,-4.48],[2.596,-1.815],[1.611,-0.646],[0.975,0],[0.527,0.547],[2.202,-0.209],[0,0],[2.483,-2.342],[2.511,0.329],[1.72,7.161],[-2.323,7.516],[-0.127,1.154],[0,0]],"o":[[0,0],[0,0],[0,0],[0,0],[0,0],[0,0],[0,0],[0,0],[0,0],[-0.503,0.202],[-0.394,0],[0,0],[0,0],[0,0],[0,0],[0,0],[0,0],[0.343,-1.11],[0,0],[0,0]],"v":[[-12.767,-17.32],[-2.3,-25.056],[11.32,-20.893],[13.366,-17.779],[13.602,-20.026],[16.512,-13.219],[16.24,-2.527],[17.067,16.572],[16.317,22.24],[14.123,23.515],[11.803,23.951],[10.39,23.239],[6.545,22.093],[2.088,22.178],[-4.28,24.432],[-7.611,25.012],[-17.324,16.331],[-16.331,1.742],[-15.649,-1.67],[-14.088,-12.714]],"c":true},"ix":2},"nm":"Path 1","mn":"ADBE Vector Shape - Group","hd":false},{"ty":"fl","c":{"a":0,"k":[0.227450981736,0.235294118524,0.23137255013,1],"ix":4},"o":{"a":0,"k":100,"ix":5},"r":1,"bm":0,"nm":"Fill 1","mn":"ADBE Vector Graphic - Fill","hd":false},{"ty":"tr","p":{"a":0,"k":[287.611,676.986],"ix":2},"a":{"a":0,"k":[0,0],"ix":1},"s":{"a":0,"k":[100,100],"ix":3},"r":{"a":0,"k":0,"ix":6},"o":{"a":0,"k":100,"ix":7},"sk":{"a":0,"k":0,"ix":4},"sa":{"a":0,"k":0,"ix":5},"nm":"Transform"}],"nm":"Group 1","np":2,"cix":2,"bm":0,"ix":1,"mn":"ADBE Vector Group","hd":false},{"ty":"gr","it":[{"ind":0,"ty":"sh","ix":1,"ks":{"a":0,"k":{"i":[[0,0],[-6.329,-8.73],[-14.703,-0.919],[-5.364,1.874],[-0.727,2.57],[1.378,2.931],[0.192,1.666],[-0.738,4.58]],"o":[[0,0],[0,0],[0,0],[2.522,-0.881],[0.626,-2.214],[-0.713,-1.517],[-0.581,-5.049],[0,0]],"v":[[-14.099,-21.37],[-17.572,15.274],[0.703,21.339],[13.994,19.841],[19.139,14.307],[18.76,6.063],[17.497,1.223],[16.757,-17.795]],"c":true},"ix":2},"nm":"Path 1","mn":"ADBE Vector Shape - Group","hd":false},{"ty":"fl","c":{"a":0,"k":[0.886274516582,0.411764711142,0.152941182256,1],"ix":4},"o":{"a":0,"k":100,"ix":5},"r":1,"bm":0,"nm":"Fill 1","mn":"ADBE Vector Graphic - Fill","hd":false},{"ty":"tr","p":{"a":0,"k":[287.48,686.646],"ix":2},"a":{"a":0,"k":[0,0],"ix":1},"s":{"a":0,"k":[100,100],"ix":3},"r":{"a":0,"k":0,"ix":6},"o":{"a":0,"k":100,"ix":7},"sk":{"a":0,"k":0,"ix":4},"sa":{"a":0,"k":0,"ix":5},"nm":"Transform"}],"nm":"Group 2","np":2,"cix":2,"bm":0,"ix":2,"mn":"ADBE Vector Group","hd":false},{"ty":"gr","it":[{"ind":0,"ty":"sh","ix":1,"ks":{"a":0,"k":{"i":[[0,0],[-5.146,-4.411],[-13.876,0.551],[1.903,13.962]],"o":[[0,0],[0,0],[0,0],[0,0]],"v":[[-19.688,-10.058],[-15.767,5.605],[3.324,10.016],[19.677,-4.302]],"c":true},"ix":2},"nm":"Path 1","mn":"ADBE Vector Shape - Group","hd":false},{"ty":"fl","c":{"a":0,"k":[0.039215087891,0.039215087891,0.039215087891,1],"ix":4},"o":{"a":0,"k":100,"ix":5},"r":1,"bm":0,"nm":"Fill 1","mn":"ADBE Vector Graphic - Fill","hd":false},{"ty":"tr","p":{"a":0,"k":[287.501,701.255],"ix":2},"a":{"a":0,"k":[0,0],"ix":1},"s":{"a":0,"k":[100,100],"ix":3},"r":{"a":0,"k":0,"ix":6},"o":{"a":0,"k":100,"ix":7},"sk":{"a":0,"k":0,"ix":4},"sa":{"a":0,"k":0,"ix":5},"nm":"Transform"}],"nm":"Group 3","np":2,"cix":2,"bm":0,"ix":3,"mn":"ADBE Vector Group","hd":false}],"ip":8,"op":28,"st":3,"bm":0},{"ddd":0,"ind":4,"ty":4,"nm":"giay R","sr":1,"ks":{"o":{"a":0,"k":100,"ix":11},"r":{"a":0,"k":0,"ix":10},"p":{"a":0,"k":[288.501,661.358,0],"ix":2,"l":2},"a":{"a":0,"k":[288.501,661.358,0],"ix":1,"l":2},"s":{"a":0,"k":[100,100,100],"ix":6,"l":2}},"ao":0,"shapes":[{"ty":"gr","it":[{"ind":0,"ty":"sh","ix":1,"ks":{"a":0,"k":{"i":[[-1.103,2.412],[-8.526,0.717],[-2.619,-4.805],[0,0],[0,0],[-0.414,-5.376],[0.276,-4.971],[-1.723,-4.48],[2.596,-1.815],[1.611,-0.646],[0.975,0],[0.527,0.547],[2.202,-0.209],[0,0],[2.483,-2.342],[2.511,0.329],[1.72,7.161],[-2.323,7.516],[-0.127,1.154],[0,0]],"o":[[0,0],[0,0],[0,0],[0,0],[0,0],[0,0],[0,0],[0,0],[0,0],[-0.503,0.202],[-0.394,0],[0,0],[0,0],[0,0],[0,0],[0,0],[0,0],[0.343,-1.11],[0,0],[0,0]],"v":[[-12.767,-17.32],[-2.3,-25.056],[11.32,-20.893],[13.366,-17.779],[13.602,-20.026],[16.512,-13.219],[16.24,-2.527],[17.067,16.572],[16.317,22.24],[14.123,23.515],[11.803,23.951],[10.39,23.239],[6.545,22.093],[2.088,22.178],[-4.28,24.432],[-7.611,25.012],[-17.324,16.331],[-16.331,1.742],[-15.649,-1.67],[-14.088,-12.714]],"c":true},"ix":2},"nm":"Path 1","mn":"ADBE Vector Shape - Group","hd":false},{"ty":"fl","c":{"a":0,"k":[0.227450981736,0.235294118524,0.23137255013,1],"ix":4},"o":{"a":0,"k":100,"ix":5},"r":1,"bm":0,"nm":"Fill 1","mn":"ADBE Vector Graphic - Fill","hd":false},{"ty":"tr","p":{"a":0,"k":[287.611,676.986],"ix":2},"a":{"a":0,"k":[0,0],"ix":1},"s":{"a":0,"k":[100,100],"ix":3},"r":{"a":0,"k":0,"ix":6},"o":{"a":0,"k":100,"ix":7},"sk":{"a":0,"k":0,"ix":4},"sa":{"a":0,"k":0,"ix":5},"nm":"Transform"}],"nm":"Group 1","np":2,"cix":2,"bm":0,"ix":1,"mn":"ADBE Vector Group","hd":false},{"ty":"gr","it":[{"ind":0,"ty":"sh","ix":1,"ks":{"a":0,"k":{"i":[[0,0],[-6.329,-8.73],[-14.703,-0.919],[-5.364,1.874],[-0.727,2.57],[1.378,2.931],[0.192,1.666],[-0.738,4.58]],"o":[[0,0],[0,0],[0,0],[2.522,-0.881],[0.626,-2.214],[-0.713,-1.517],[-0.581,-5.049],[0,0]],"v":[[-14.099,-21.37],[-17.572,15.274],[0.703,21.339],[13.994,19.841],[19.139,14.307],[18.76,6.063],[17.497,1.223],[16.757,-17.795]],"c":true},"ix":2},"nm":"Path 1","mn":"ADBE Vector Shape - Group","hd":false},{"ty":"fl","c":{"a":0,"k":[0.886274516582,0.411764711142,0.152941182256,1],"ix":4},"o":{"a":0,"k":100,"ix":5},"r":1,"bm":0,"nm":"Fill 1","mn":"ADBE Vector Graphic - Fill","hd":false},{"ty":"tr","p":{"a":0,"k":[287.48,686.646],"ix":2},"a":{"a":0,"k":[0,0],"ix":1},"s":{"a":0,"k":[100,100],"ix":3},"r":{"a":0,"k":0,"ix":6},"o":{"a":0,"k":100,"ix":7},"sk":{"a":0,"k":0,"ix":4},"sa":{"a":0,"k":0,"ix":5},"nm":"Transform"}],"nm":"Group 2","np":2,"cix":2,"bm":0,"ix":2,"mn":"ADBE Vector Group","hd":false},{"ty":"gr","it":[{"ind":0,"ty":"sh","ix":1,"ks":{"a":0,"k":{"i":[[0,0],[-5.146,-4.411],[-13.876,0.551],[1.903,13.962]],"o":[[0,0],[0,0],[0,0],[0,0]],"v":[[-19.688,-10.058],[-15.767,5.605],[3.324,10.016],[19.677,-4.302]],"c":true},"ix":2},"nm":"Path 1","mn":"ADBE Vector Shape - Group","hd":false},{"ty":"fl","c":{"a":0,"k":[0.039215087891,0.039215087891,0.039215087891,1],"ix":4},"o":{"a":0,"k":100,"ix":5},"r":1,"bm":0,"nm":"Fill 1","mn":"ADBE Vector Graphic - Fill","hd":false},{"ty":"tr","p":{"a":0,"k":[287.501,701.255],"ix":2},"a":{"a":0,"k":[0,0],"ix":1},"s":{"a":0,"k":[100,100],"ix":3},"r":{"a":0,"k":0,"ix":6},"o":{"a":0,"k":100,"ix":7},"sk":{"a":0,"k":0,"ix":4},"sa":{"a":0,"k":0,"ix":5},"nm":"Transform"}],"nm":"Group 3","np":2,"cix":2,"bm":0,"ix":3,"mn":"ADBE Vector Group","hd":false}],"ip":-4,"op":9,"st":3,"bm":0},{"ddd":0,"ind":5,"ty":4,"nm":"dui R 2","parent":9,"sr":1,"ks":{"o":{"a":0,"k":100,"ix":11},"r":{"a":0,"k":-45.708,"ix":10},"p":{"a":1,"k":[{"i":{"x":0.667,"y":1},"o":{"x":0.333,"y":0},"t":8,"s":[46.155,17.275,0],"to":[2.89,6.735,0],"ti":[-2.89,-6.735,0]},{"t":15,"s":[63.496,57.682,0]}],"ix":2,"l":2},"a":{"a":0,"k":[0,0,0],"ix":1,"l":2},"s":{"a":0,"k":[100,100,100],"ix":6,"l":2}},"ao":0,"shapes":[{"ty":"gr","it":[{"ind":0,"ty":"sh","ix":1,"ks":{"a":1,"k":[{"i":{"x":0.833,"y":0.833},"o":{"x":0.167,"y":0},"t":8,"s":[{"i":[[-22.241,6.845],[1.885,-35.155],[9.256,-0.188],[0,0],[0.369,2.149]],"o":[[0,0],[0,0],[0,0],[-3.1,-0.095],[-1.557,-9.062]],"v":[[-3.847,-24.248],[23.959,3.25],[14.021,16.521],[-16.03,14.825],[-21.512,8.758]],"c":true}]},{"i":{"x":0.667,"y":1},"o":{"x":0.167,"y":0.167},"t":12,"s":[{"i":[[-10.663,1.654],[-2.327,-8.779],[9.256,-0.188],[0,0],[-1.088,1.532]],"o":[[3.366,0.592],[0,0],[0,0],[-3.1,-0.095],[5.117,-6.184]],"v":[[3.35,-15.814],[22.833,-5.233],[12.248,15.32],[-12.716,13.019],[-17.914,-7.691]],"c":true}]},{"t":15,"s":[{"i":[[-5.009,-0.881],[-6.709,-6.599],[9.256,-0.188],[0,0],[-1.799,1.231]],"o":[[5.009,0.881],[0,0],[0,0],[-3.1,-0.095],[7.884,-5.394]],"v":[[3.281,-24.711],[23.145,-16.696],[11.382,14.734],[-11.097,12.137],[-16.381,-19.437]],"c":true}]}],"ix":2},"nm":"Path 1","mn":"ADBE Vector Shape - Group","hd":false},{"ty":"fl","c":{"a":0,"k":[0.870588243008,0.752941191196,0.678431391716,1],"ix":4},"o":{"a":0,"k":100,"ix":5},"r":1,"bm":0,"nm":"Fill 1","mn":"ADBE Vector Graphic - Fill","hd":false},{"ty":"tr","p":{"a":0,"k":[0,0],"ix":2},"a":{"a":0,"k":[0,0],"ix":1},"s":{"a":0,"k":[100,100],"ix":3},"r":{"a":0,"k":0,"ix":6},"o":{"a":0,"k":100,"ix":7},"sk":{"a":0,"k":0,"ix":4},"sa":{"a":0,"k":0,"ix":5},"nm":"Transform"}],"nm":"dui R","np":2,"cix":2,"bm":0,"ix":1,"mn":"ADBE Vector Group","hd":false}],"ip":8,"op":29,"st":4,"bm":0},{"ddd":0,"ind":6,"ty":4,"nm":"chan R","sr":1,"ks":{"o":{"a":0,"k":100,"ix":11},"r":{"a":1,"k":[{"i":{"x":[0.667],"y":[1]},"o":{"x":[0.333],"y":[0]},"t":3,"s":[0]},{"t":7,"s":[0.959]}],"ix":10},"p":{"a":0,"k":[289.552,665.391,0],"ix":2,"l":2},"a":{"a":0,"k":[-8.5,80.5,0],"ix":1,"l":2},"s":{"a":0,"k":[100,100,100],"ix":6,"l":2}},"ao":0,"shapes":[{"ty":"gr","it":[{"ind":0,"ty":"sh","ix":1,"ks":{"a":1,"k":[{"i":{"x":0.667,"y":1},"o":{"x":0.333,"y":0},"t":3,"s":[{"i":[[0.221,-10.862],[-0.873,-18.126],[7.168,-25.638],[-1.704,-20.676],[0,0],[8.842,51.026],[-10.662,24.565],[-5.186,5.644],[-15.254,-2.593]],"o":[[0,0],[0,0],[0,0],[0,0],[0,0],[0,0],[3.404,-7.842],[0,0],[14.315,2.434]],"v":[[24.863,-67.995],[19.901,-36.358],[12.733,17.537],[2.845,91.558],[-21.576,86.32],[-23.519,0.583],[-18.256,-57.9],[-10.916,-85.263],[9.677,-91.06]],"c":true}]},{"i":{"x":0.833,"y":1},"o":{"x":0.167,"y":0},"t":7,"s":[{"i":[[0.221,-10.862],[-0.873,-18.126],[7.168,-25.638],[-1.704,-20.676],[0,0],[8.601,50.63],[-9.83,24.571],[-5.186,5.644],[-15.254,-2.593]],"o":[[0,0],[0,0],[0,0],[0,0],[0,0],[0,0],[3.175,-7.937],[0,0],[14.315,2.434]],"v":[[25.029,-72.998],[19.901,-36.358],[12.356,17.419],[2.345,91.558],[-21.947,86.582],[-23.519,0.583],[-18.887,-58.265],[-8.268,-83.933],[10.156,-92.318]],"c":true}]},{"t":8,"s":[{"i":[[0.765,-12.74],[-0.873,-18.126],[7.168,-25.638],[-1.704,-20.676],[0,0],[8.601,50.63],[-9.83,24.571],[-5.186,5.644],[-15.254,-2.593]],"o":[[0,0],[0,0],[0,0],[0,0],[0,0],[0,0],[3.175,-7.937],[0,0],[14.315,2.434]],"v":[[25.968,-76.639],[19.901,-36.358],[12.356,17.419],[2.345,91.558],[-21.947,86.582],[-23.519,0.583],[-18.887,-58.265],[-9.777,-84.407],[10.375,-94.197]],"c":true}]}],"ix":2},"nm":"Path 1","mn":"ADBE Vector Shape - Group","hd":false},{"ty":"fl","c":{"a":0,"k":[0.870588243008,0.752941191196,0.678431391716,1],"ix":4},"o":{"a":0,"k":100,"ix":5},"r":1,"bm":0,"nm":"Fill 1","mn":"ADBE Vector Graphic - Fill","hd":false},{"ty":"tr","p":{"a":0,"k":[0,0],"ix":2},"a":{"a":0,"k":[0,0],"ix":1},"s":{"a":0,"k":[100,100],"ix":3},"r":{"a":0,"k":0,"ix":6},"o":{"a":0,"k":100,"ix":7},"sk":{"a":0,"k":0,"ix":4},"sa":{"a":0,"k":0,"ix":5},"nm":"Transform"}],"nm":"chan R","np":2,"cix":2,"bm":0,"ix":1,"mn":"ADBE Vector Group","hd":false}],"ip":-2,"op":9,"st":3,"bm":0},{"ddd":0,"ind":7,"ty":4,"nm":"ban tay R","parent":11,"sr":1,"ks":{"o":{"a":0,"k":100,"ix":11},"r":{"a":1,"k":[{"i":{"x":[0.667],"y":[1]},"o":{"x":[0.167],"y":[0]},"t":3,"s":[0]},{"i":{"x":[0.676],"y":[0.77]},"o":{"x":[0.297],"y":[0]},"t":7,"s":[24.349]},{"i":{"x":[0.803],"y":[1]},"o":{"x":[0.431],"y":[-1.114]},"t":12,"s":[41.525]},{"t":15,"s":[38.704]}],"ix":10},"p":{"a":1,"k":[{"i":{"x":0.667,"y":1},"o":{"x":0.333,"y":0},"t":3,"s":[29.871,-20.189,0],"to":[-1.056,1.55,0],"ti":[-0.957,-0.206,0]},{"i":{"x":0.667,"y":0.864},"o":{"x":0.333,"y":0},"t":7,"s":[23.534,-10.887,0],"to":[0.376,0.081,0],"ti":[-1.965,1.348,0]},{"i":{"x":0.667,"y":1},"o":{"x":0.333,"y":0.13},"t":10,"s":[6.882,-3.072,0],"to":[3.043,-2.087,0],"ti":[-1.223,0.817,0]},{"t":15,"s":[35.614,-18.954,0]}],"ix":2,"l":2},"a":{"a":0,"k":[-15.5,16.25,0],"ix":1,"l":2},"s":{"a":0,"k":[100,100,100],"ix":6,"l":2}},"ao":0,"shapes":[{"ty":"gr","it":[{"ind":0,"ty":"sh","ix":1,"ks":{"a":1,"k":[{"i":{"x":0.667,"y":1},"o":{"x":0.167,"y":0},"t":3,"s":[{"i":[[2.619,8.96],[-1.024,5.053],[-2.75,3.667],[-4.549,-0.414],[-1.792,-1.93],[-2.068,-2.481],[-1.792,-3.584],[0,0],[0,0],[2.068,-2.619],[0,0],[1.292,-0.973],[0.942,2.482],[12.723,0.491]],"o":[[0,0],[1.566,-7.725],[0,0],[0,0],[0,0],[0,0],[0,0],[0,0],[0,0],[0,0],[0,0],[-1.292,0.974],[0,0],[0,0]],"v":[[-22.602,12.625],[-20.964,3.702],[-14.125,-18.183],[-3.993,-24.247],[-1.237,-23.214],[5.38,-21.973],[11.445,-20.043],[18.061,-17.884],[21.994,-13.646],[21.553,-8.511],[16.591,-0.642],[14.243,1.925],[10.48,0.771],[-12.723,24.448]],"c":true}]},{"i":{"x":0.833,"y":0.833},"o":{"x":0.333,"y":0},"t":7,"s":[{"i":[[2.408,10.537],[-1.541,4.73],[-2.41,4.109],[-4.359,0.918],[-2.113,-0.233],[-0.734,-3.126],[3.03,-4.935],[-0.338,-1.713],[0,0],[2.068,-2.619],[0,0],[2.362,-1.964],[1.073,-1.579],[11.154,-4.915]],"o":[[0,0],[2.355,-7.232],[0,0],[0,0],[0,0],[0,0],[0,0],[0.456,2.31],[0,0],[0,0],[0,0],[-2.363,1.965],[-2.315,3.406],[0,0]],"v":[[-21.229,14.08],[-18.618,5.785],[-10.398,-15.512],[0.063,-20.332],[8.619,-22.837],[13.487,-20.833],[16.065,-16.995],[18.677,-15.083],[16.925,-11.266],[17.34,-6.831],[13.102,-3.657],[8.647,-0.123],[2.58,5.781],[-12.228,24.517]],"c":true}]},{"i":{"x":0.833,"y":0.833},"o":{"x":0.167,"y":0.167},"t":8,"s":[{"i":[[2.408,10.537],[-1.591,4.881],[-2.392,4.078],[-5.969,-3.616],[-0.18,-1.166],[-1.109,-2.91],[2.349,-4.088],[-0.829,-1.79],[-0.064,-0.126],[1.021,-2.621],[-0.107,-0.126],[1.525,-1.93],[1.07,-1.574],[11.435,-5.16]],"o":[[0,0],[2.346,-7.201],[0,0],[1.286,0.814],[0.138,0.062],[0.512,0.367],[0.117,0.072],[0.853,2.101],[0.064,0.126],[0.449,0.332],[0.031,0.035],[-1.356,1.918],[-2.315,3.406],[0,0]],"v":[[-21.104,14.1],[-18.963,5.224],[-11.067,-14.445],[6.81,-23.947],[6.956,-21.233],[11.097,-20.213],[12.527,-14.919],[15.806,-14.714],[13.931,-9.693],[16.196,-8.394],[12.342,-3.973],[9.412,-1.432],[3.671,5.773],[-11.539,24.108]],"c":true}]},{"i":{"x":0.833,"y":0.833},"o":{"x":0.167,"y":0.167},"t":9,"s":[{"i":[[2.408,10.537],[-1.7,5.209],[-2.351,4.009],[-4.463,-3.301],[-0.459,-0.749],[-2.632,-2.641],[0.86,-2.238],[-2.222,-2.49],[-0.203,-0.403],[-1.894,-2.575],[-0.339,-0.402],[-1.823,-2.101],[1.062,-1.563],[12.049,-5.695]],"o":[[0,0],[2.326,-7.133],[0,0],[0.858,2.991],[0.438,0.197],[2.424,1.484],[0.373,0.23],[2.918,2.022],[0.203,0.403],[2.541,1.482],[0.097,0.111],[2.933,3.38],[-2.315,3.406],[0,0]],"v":[[-20.83,14.143],[-19.719,3.998],[-12.003,-10.244],[-0.962,-19.332],[-6.063,-8.116],[6.769,-20.277],[-2.594,-3.973],[11.351,-16.412],[1.399,-1.405],[14.533,-11.868],[5.257,1.675],[16.826,-7.512],[7.422,6.834],[-10.034,23.213]],"c":true}]},{"i":{"x":0.833,"y":0.833},"o":{"x":0.167,"y":0.167},"t":10,"s":[{"i":[[2.408,10.537],[-1.809,5.538],[-2.31,3.939],[-3.989,-2.96],[-0.738,-0.333],[-2.748,-1.969],[-0.629,-0.388],[-2.974,-2.125],[-0.342,-0.679],[-3.553,-2.629],[-0.572,-0.679],[-2.132,-1.779],[1.055,-1.551],[12.663,-6.23]],"o":[[0,0],[2.306,-7.066],[0,0],[1.264,1.425],[0.738,0.333],[2.748,1.969],[0.629,0.388],[2.589,1.185],[0.342,0.679],[2.409,1.782],[0.164,0.187],[3.043,1.714],[-2.315,3.406],[0,0]],"v":[[-20.556,14.186],[-20.474,2.773],[-13.989,-9.78],[-4.344,-17.607],[-7.294,-8.948],[2.441,-20.342],[-2.932,-5.845],[6.896,-18.109],[0.845,-2.819],[11.197,-15.223],[6.51,-3.132],[14.331,-12.665],[8.441,5.736],[-8.529,22.319]],"c":true}]},{"i":{"x":0.833,"y":1},"o":{"x":0.167,"y":0.167},"t":11,"s":[{"i":[[2.408,10.537],[-2.23,6.8],[-2.155,3.674],[-2.686,-1.363],[1.347,-3.166],[-2.095,-2.79],[-2.342,1.818],[-3.231,-0.8],[-0.15,-0.297],[-3.234,-1.459],[-1.192,-0.746],[-0.168,-4.816],[1.025,-1.508],[10.4,-8.034]],"o":[[0,0],[2.229,-6.806],[0,0],[1.494,0.692],[0.323,0.146],[1.202,0.862],[0.275,0.17],[3.738,0.764],[0.15,0.297],[2.347,1.256],[0.679,0.371],[0.655,4.324],[-2.315,3.406],[0,0]],"v":[[-19.504,14.352],[-20.21,0.089],[-13.025,-13.741],[-5.794,-20.772],[-6.655,-11.548],[-7.022,-6.033],[-2.415,-7.785],[6.541,-22.126],[7.387,-17.174],[13.632,-21.172],[14.185,-16.337],[17.108,-13.841],[10.425,3.006],[-6.756,20.685]],"c":true}]},{"i":{"x":0.833,"y":1},"o":{"x":0.167,"y":0},"t":12,"s":[{"i":[[2.408,10.537],[-2.557,7.782],[-2.033,3.467],[-1.673,-0.122],[2.968,-5.37],[-1.587,-3.429],[-3.674,3.535],[-0.684,2.906],[0,0],[0.216,-3.062],[-1.675,-0.799],[1.359,-7.179],[1.002,-1.475],[8.641,-9.437]],"o":[[0,0],[2.17,-6.604],[0,0],[1.673,0.122],[0,0],[0,0],[0,0],[1.579,-6.712],[0,0],[0,0],[1.079,0.514],[-1.203,6.354],[-2.315,3.406],[0,0]],"v":[[-18.686,14.481],[-20.005,-1.998],[-12.275,-16.822],[-6.922,-23.233],[-6.159,-13.57],[-9.277,-2.654],[-0.139,-7.805],[6.757,-18.376],[12.476,-28.339],[15.525,-25.8],[19.708,-27.437],[19.184,-12.924],[11.968,0.882],[-5.377,19.415]],"c":true}]},{"t":15,"s":[{"i":[[2.408,10.537],[-2.557,7.782],[-2.033,3.467],[-1.673,-0.122],[2.968,-5.37],[-1.587,-3.429],[-3.674,3.535],[-0.684,2.906],[0,0],[0.216,-3.062],[-1.675,-0.799],[1.359,-7.179],[1.002,-1.475],[8.641,-9.437]],"o":[[0,0],[2.17,-6.604],[0,0],[1.673,0.122],[0,0],[0,0],[0,0],[1.579,-6.712],[0,0],[0,0],[1.079,0.514],[-1.203,6.354],[-2.315,3.406],[0,0]],"v":[[-18.686,14.481],[-20.005,-1.998],[-12.275,-16.822],[-6.922,-23.233],[-6.159,-13.57],[-9.277,-2.654],[-0.139,-7.805],[6.757,-18.376],[12.476,-28.339],[15.525,-25.8],[19.708,-27.437],[19.184,-12.924],[11.968,0.882],[-5.377,19.415]],"c":true}]}],"ix":2},"nm":"Path 1","mn":"ADBE Vector Shape - Group","hd":false},{"ty":"fl","c":{"a":0,"k":[0.870588243008,0.752941191196,0.678431391716,1],"ix":4},"o":{"a":0,"k":100,"ix":5},"r":1,"bm":0,"nm":"Fill 1","mn":"ADBE Vector Graphic - Fill","hd":false},{"ty":"tr","p":{"a":0,"k":[0,0],"ix":2},"a":{"a":0,"k":[0,0],"ix":1},"s":{"a":0,"k":[100,100],"ix":3},"r":{"a":0,"k":0,"ix":6},"o":{"a":0,"k":100,"ix":7},"sk":{"a":0,"k":0,"ix":4},"sa":{"a":0,"k":0,"ix":5},"nm":"Transform"}],"nm":"ban tay R","np":2,"cix":2,"bm":0,"ix":1,"mn":"ADBE Vector Group","hd":false}],"ip":-5,"op":149,"st":3,"bm":0},{"ddd":0,"ind":8,"ty":4,"nm":"dui R","parent":6,"sr":1,"ks":{"o":{"a":0,"k":100,"ix":11},"r":{"a":0,"k":0,"ix":10},"p":{"a":1,"k":[{"i":{"x":0.667,"y":1},"o":{"x":0.333,"y":0},"t":3,"s":[0.903,-79.04,0],"to":[0.685,-1.387,0],"ti":[-0.803,1.847,0]},{"i":{"x":0.667,"y":1},"o":{"x":0.167,"y":0},"t":7,"s":[5.014,-87.36,0],"to":[0.803,-1.847,0],"ti":[-0.117,0.46,0]},{"t":8,"s":[5.718,-90.123,0]}],"ix":2,"l":2},"a":{"a":0,"k":[0,0,0],"ix":1,"l":2},"s":{"a":0,"k":[100,100,100],"ix":6,"l":2}},"ao":0,"shapes":[{"ty":"gr","it":[{"ind":0,"ty":"sh","ix":1,"ks":{"a":1,"k":[{"i":{"x":0.833,"y":1},"o":{"x":0.333,"y":0},"t":3,"s":[{"i":[[-22.241,6.845],[-1.074,-35.265],[12.819,-1.172],[0,0],[0.369,2.149]],"o":[[0,0],[0,0],[0,0],[-4.085,1.516],[-1.557,-9.062]],"v":[[-3.339,-23.757],[24.962,3.421],[11.968,24.556],[-19.235,21.317],[-24.422,17.871]],"c":true}]},{"t":7,"s":[{"i":[[-22.241,6.845],[1.885,-35.155],[9.256,-0.188],[0,0],[0.369,2.149]],"o":[[0,0],[0,0],[0,0],[-3.1,-0.095],[-1.557,-9.062]],"v":[[-3.847,-24.248],[23.959,3.25],[14.021,16.521],[-16.03,14.825],[-21.512,8.758]],"c":true}]}],"ix":2},"nm":"Path 1","mn":"ADBE Vector Shape - Group","hd":false},{"ty":"fl","c":{"a":0,"k":[0.870588243008,0.752941191196,0.678431391716,1],"ix":4},"o":{"a":0,"k":100,"ix":5},"r":1,"bm":0,"nm":"Fill 1","mn":"ADBE Vector Graphic - Fill","hd":false},{"ty":"tr","p":{"a":0,"k":[0,0],"ix":2},"a":{"a":0,"k":[0,0],"ix":1},"s":{"a":0,"k":[100,100],"ix":3},"r":{"a":0,"k":0,"ix":6},"o":{"a":0,"k":100,"ix":7},"sk":{"a":0,"k":0,"ix":4},"sa":{"a":0,"k":0,"ix":5},"nm":"Transform"}],"nm":"dui R","np":2,"cix":2,"bm":0,"ix":1,"mn":"ADBE Vector Group","hd":false}],"ip":-5,"op":9,"st":3,"bm":0},{"ddd":0,"ind":9,"ty":4,"nm":"quan R","parent":16,"sr":1,"ks":{"o":{"a":0,"k":100,"ix":11},"r":{"a":1,"k":[{"i":{"x":[0.667],"y":[1]},"o":{"x":[0.167],"y":[0]},"t":3,"s":[0]},{"i":{"x":[0.833],"y":[1]},"o":{"x":[0.333],"y":[0]},"t":7,"s":[47.532]},{"t":15,"s":[81.279]}],"ix":10},"p":{"a":1,"k":[{"i":{"x":0.667,"y":1},"o":{"x":0.333,"y":0},"t":3,"s":[-85.25,69.976,0],"to":[2.625,2.542,0],"ti":[-2.625,-2.542,0]},{"i":{"x":0.667,"y":0.667},"o":{"x":0.333,"y":0.333},"t":7,"s":[-69.5,85.226,0],"to":[0,0,0],"ti":[0,0,0]},{"t":15,"s":[-69.5,85.226,0]}],"ix":2,"l":2},"a":{"a":0,"k":[-27.5,-9,0],"ix":1,"l":2},"s":{"a":0,"k":[100,100,100],"ix":6,"l":2}},"ao":0,"shapes":[{"ty":"gr","it":[{"ind":0,"ty":"sh","ix":1,"ks":{"a":1,"k":[{"i":{"x":0.833,"y":1},"o":{"x":0.167,"y":0},"t":3,"s":[{"i":[[7.678,-10.729],[0.667,-1.958],[-16.418,-12.595],[-38.411,38.044],[25.73,8.517],[14.335,-5.376]],"o":[[0,0],[-3.809,11.175],[0,0],[0,0],[0,0],[0,0]],"v":[[-37.333,-18.961],[-38.811,-16.261],[-27.897,25.731],[40.472,5.836],[21.313,-28.165],[-6.67,-27.475]],"c":true}]},{"i":{"x":0.833,"y":0.833},"o":{"x":0.167,"y":0},"t":7,"s":[{"i":[[17.398,-11.219],[0.063,-2.068],[-37.146,-4.591],[-17.094,26.081],[21.952,12.62],[13.54,5.921]],"o":[[0,0],[-0.313,10.288],[0,0],[0,0],[0,0],[-13.54,-5.921]],"v":[[-35.698,-20.006],[-37.521,-16.606],[25.729,33.976],[63.252,12.791],[53.071,-14.263],[26.787,-32.184]],"c":true}]},{"i":{"x":0.833,"y":0.833},"o":{"x":0.167,"y":0.167},"t":10,"s":[{"i":[[18.644,-12.582],[-0.871,-2.752],[-33.081,-11.984],[-13.138,15.304],[11.406,12.976],[16.641,8.583]],"o":[[0,0],[1.757,9.71],[0,0],[0,0],[0,0],[-13.228,-6.523]],"v":[[-36.817,-21],[-39.632,-16.042],[22.649,36.878],[58.782,35.122],[64.048,5.794],[24.7,-32.094]],"c":true}]},{"i":{"x":0.833,"y":0.833},"o":{"x":0.167,"y":0.167},"t":12,"s":[{"i":[[19.684,-13.72],[-1.651,-3.324],[-28.242,-18.283],[-9.836,6.309],[2.603,13.273],[19.229,10.804]],"o":[[0,0],[3.486,9.229],[0,0],[0,0],[0,0],[-12.968,-7.025]],"v":[[-37.751,-21.83],[-41.394,-15.571],[19.273,40.423],[48.868,51.745],[71.054,20.678],[22.958,-32.019]],"c":true}]},{"i":{"x":0.833,"y":1},"o":{"x":0.167,"y":0.167},"t":14,"s":[{"i":[[20.621,-14.745],[-2.353,-3.839],[-28.019,-19.63],[-6.861,-1.794],[-5.326,13.54],[21.561,12.806]],"o":[[0,0],[5.043,8.795],[0,0],[0,0],[0,0],[-12.734,-7.478]],"v":[[-38.593,-22.577],[-42.981,-15.147],[17.218,42.621],[40.055,58.956],[70.699,26.427],[21.389,-31.951]],"c":true}]},{"t":15,"s":[{"i":[[20.95,-15.104],[-2.599,-4.019],[-27.941,-20.103],[-5.818,-4.637],[-8.108,13.634],[22.379,13.508]],"o":[[0,0],[5.589,8.642],[0,0],[0,0],[0,0],[-12.652,-7.637]],"v":[[-38.888,-22.839],[-43.538,-14.998],[16.949,42.248],[37.369,58.18],[70.574,28.444],[20.838,-31.928]],"c":true}]}],"ix":2},"nm":"Path 1","mn":"ADBE Vector Shape - Group","hd":false},{"ty":"fl","c":{"a":0,"k":[0.207843139768,0.207843139768,0.207843139768,1],"ix":4},"o":{"a":0,"k":100,"ix":5},"r":1,"bm":0,"nm":"Fill 1","mn":"ADBE Vector Graphic - Fill","hd":false},{"ty":"tr","p":{"a":0,"k":[0,0],"ix":2},"a":{"a":0,"k":[0,0],"ix":1},"s":{"a":0,"k":[100,100],"ix":3},"r":{"a":0,"k":0,"ix":6},"o":{"a":0,"k":100,"ix":7},"sk":{"a":0,"k":0,"ix":4},"sa":{"a":0,"k":0,"ix":5},"nm":"Transform"}],"nm":"quan R","np":2,"cix":2,"bm":0,"ix":1,"mn":"ADBE Vector Group","hd":false}],"ip":-7,"op":149,"st":3,"bm":0},{"ddd":0,"ind":10,"ty":4,"nm":"chan R 2","parent":5,"sr":1,"ks":{"o":{"a":0,"k":100,"ix":11},"r":{"a":1,"k":[{"i":{"x":[0.667],"y":[1]},"o":{"x":[0.167],"y":[0]},"t":8,"s":[0]},{"t":15,"s":[-2.657]}],"ix":10},"p":{"a":1,"k":[{"i":{"x":0.667,"y":1},"o":{"x":0.333,"y":0},"t":8,"s":[2.399,6.253,0],"to":[0.417,-4.051,0],"ti":[-0.417,4.051,0]},{"t":15,"s":[4.903,-18.055,0]}],"ix":2,"l":2},"a":{"a":0,"k":[7.413,-81.108,0],"ix":1,"l":2},"s":{"a":0,"k":[100,100,100],"ix":6,"l":2}},"ao":0,"shapes":[{"ty":"gr","it":[{"ind":0,"ty":"sh","ix":1,"ks":{"a":1,"k":[{"i":{"x":0.667,"y":1},"o":{"x":0.167,"y":0},"t":8,"s":[{"i":[[0.221,-10.862],[-0.873,-18.126],[7.168,-25.638],[-1.704,-20.676],[0,0],[8.601,50.63],[-9.83,24.571],[-5.186,5.644],[-15.254,-2.593]],"o":[[0,0],[0,0],[0,0],[0,0],[0,0],[0,0],[3.175,-7.937],[0,0],[14.315,2.434]],"v":[[25.029,-72.998],[19.901,-36.358],[12.356,17.419],[2.345,91.558],[-21.947,86.582],[-23.519,0.583],[-18.887,-58.265],[-8.268,-83.933],[10.156,-92.318]],"c":true}]},{"t":15,"s":[{"i":[[0.221,-10.862],[-0.873,-18.126],[7.168,-25.638],[-1.704,-20.676],[0,0],[8.601,50.63],[-9.83,24.571],[-5.186,5.644],[-15.254,-2.593]],"o":[[0,0],[0,0],[0,0],[0,0],[0,0],[0,0],[3.175,-7.937],[0,0],[14.315,2.434]],"v":[[25.029,-72.998],[19.414,-36.189],[13.272,17.839],[2.854,91.638],[-21.947,86.582],[-23.519,0.583],[-16.638,-56.958],[-8.268,-83.933],[10.156,-92.318]],"c":true}]}],"ix":2},"nm":"Path 1","mn":"ADBE Vector Shape - Group","hd":false},{"ty":"fl","c":{"a":0,"k":[0.870588243008,0.752941191196,0.678431391716,1],"ix":4},"o":{"a":0,"k":100,"ix":5},"r":1,"bm":0,"nm":"Fill 1","mn":"ADBE Vector Graphic - Fill","hd":false},{"ty":"tr","p":{"a":0,"k":[0,0],"ix":2},"a":{"a":0,"k":[0,0],"ix":1},"s":{"a":0,"k":[100,100],"ix":3},"r":{"a":0,"k":0,"ix":6},"o":{"a":0,"k":100,"ix":7},"sk":{"a":0,"k":0,"ix":4},"sa":{"a":0,"k":0,"ix":5},"nm":"Transform"}],"nm":"chan R","np":2,"cix":2,"bm":0,"ix":1,"mn":"ADBE Vector Group","hd":false}],"ip":8,"op":28,"st":3,"bm":0},{"ddd":0,"ind":11,"ty":4,"nm":"cang tay R","parent":12,"sr":1,"ks":{"o":{"a":0,"k":100,"ix":11},"r":{"a":1,"k":[{"i":{"x":[0.667],"y":[1]},"o":{"x":[0.167],"y":[0]},"t":3,"s":[0]},{"i":{"x":[0.65],"y":[0.7]},"o":{"x":[0.3],"y":[0]},"t":7,"s":[0]},{"i":{"x":[0.823],"y":[1]},"o":{"x":[0.412],"y":[0.595]},"t":10,"s":[60.019]},{"t":15,"s":[119.498]}],"ix":10},"p":{"a":1,"k":[{"i":{"x":0.667,"y":0.667},"o":{"x":0.333,"y":0.333},"t":3,"s":[3.942,32.842,0],"to":[0,0,0],"ti":[0,0,0]},{"i":{"x":0.667,"y":1},"o":{"x":0.333,"y":0},"t":7,"s":[3.942,32.842,0],"to":[-0.519,0.046,0],"ti":[0.519,-0.046,0]},{"t":15,"s":[0.829,33.115,0]}],"ix":2,"l":2},"a":{"a":0,"k":[-34.5,22,0],"ix":1,"l":2},"s":{"a":0,"k":[100,100,100],"ix":6,"l":2}},"ao":0,"shapes":[{"ty":"gr","it":[{"ind":0,"ty":"sh","ix":1,"ks":{"a":1,"k":[{"i":{"x":0.667,"y":1},"o":{"x":0.167,"y":0},"t":3,"s":[{"i":[[-3.779,6.435],[-19.435,6.395],[-4.135,11.579],[-8.483,-6.883],[0,0],[18.748,-16.511],[19.589,-2.255],[2.556,5.425]],"o":[[0,0],[0,0],[0,0],[7.381,5.989],[0,0],[0,0],[-3.572,0.119],[-1.504,-3.193]],"v":[[-42.429,13.127],[-4.661,-10.389],[24.148,-29.328],[41.929,-31.671],[43.399,-17.658],[10.228,10.262],[-35.261,34.216],[-44.699,27.317]],"c":true}]},{"i":{"x":0.833,"y":0.833},"o":{"x":0.333,"y":0},"t":7,"s":[{"i":[[-3.779,6.435],[-24.696,1.358],[-6.06,7.072],[-2.601,-4.565],[0,0],[18.302,-14.434],[19.589,-2.255],[2.556,5.425]],"o":[[0,0],[0,0],[0,0],[3.061,5.373],[0,0],[0,0],[-3.572,0.119],[-1.504,-3.193]],"v":[[-42.429,13.127],[-3.706,-7.343],[23.43,-19.203],[32.414,-15.134],[30.243,-4.833],[8.662,8.53],[-35.238,33.713],[-45.674,26.403]],"c":true}]},{"i":{"x":0.833,"y":1},"o":{"x":0.167,"y":0.167},"t":10,"s":[{"i":[[-3.779,6.435],[-21.504,5.858],[-7.899,3.508],[-2.601,-4.565],[0,0],[4.819,-3.032],[19.589,-2.255],[2.556,5.425]],"o":[[0,0],[0,0],[0,0],[3.061,5.373],[0,0],[0,0],[-3.572,0.119],[-1.504,-3.193]],"v":[[-42.429,13.127],[-10.75,-3.596],[2.893,-8.408],[12.117,-4.064],[13.179,5.976],[0.047,16.431],[-35.238,33.713],[-45.674,26.403]],"c":true}]},{"t":15,"s":[{"i":[[-3.779,6.435],[-17.807,6.541],[-8.133,2.701],[-2.601,-4.565],[0,0],[18.302,-14.434],[19.589,-2.255],[2.556,5.425]],"o":[[0,0],[0,0],[0,0],[3.061,5.373],[0,0],[0,0],[-3.572,0.119],[-1.504,-3.193]],"v":[[-42.429,13.127],[-4.331,-9.795],[36.058,-25.371],[44.289,-20.632],[42.396,-10.765],[9.45,9.323],[-35.238,33.713],[-45.674,26.403]],"c":true}]}],"ix":2},"nm":"Path 1","mn":"ADBE Vector Shape - Group","hd":false},{"ty":"fl","c":{"a":0,"k":[0.870588243008,0.752941191196,0.678431391716,1],"ix":4},"o":{"a":0,"k":100,"ix":5},"r":1,"bm":0,"nm":"Fill 1","mn":"ADBE Vector Graphic - Fill","hd":false},{"ty":"tr","p":{"a":0,"k":[0,0],"ix":2},"a":{"a":0,"k":[0,0],"ix":1},"s":{"a":0,"k":[100,100],"ix":3},"r":{"a":0,"k":0,"ix":6},"o":{"a":0,"k":100,"ix":7},"sk":{"a":0,"k":0,"ix":4},"sa":{"a":0,"k":0,"ix":5},"nm":"Transform"}],"nm":"cang tay R","np":2,"cix":2,"bm":0,"ix":1,"mn":"ADBE Vector Group","hd":false}],"ip":-7,"op":149,"st":3,"bm":0},{"ddd":0,"ind":12,"ty":4,"nm":"canh tay R","parent":13,"sr":1,"ks":{"o":{"a":0,"k":100,"ix":11},"r":{"a":1,"k":[{"i":{"x":[0.667],"y":[1]},"o":{"x":[0.167],"y":[0]},"t":3,"s":[0]},{"i":{"x":[0.833],"y":[1]},"o":{"x":[0.333],"y":[0]},"t":7,"s":[-1.38]},{"t":15,"s":[-11.555]}],"ix":10},"p":{"a":1,"k":[{"i":{"x":0.667,"y":1},"o":{"x":0.333,"y":0},"t":3,"s":[0.468,-0.992,0],"to":[-0.322,-0.072,0],"ti":[1.183,-0.042,0]},{"i":{"x":0.667,"y":1},"o":{"x":0.333,"y":0},"t":7,"s":[-1.462,-1.421,0],"to":[-1.183,0.042,0],"ti":[0.862,-0.113,0]},{"t":15,"s":[-6.633,-0.742,0]}],"ix":2,"l":2},"a":{"a":0,"k":[-2.75,-31.25,0],"ix":1,"l":2},"s":{"a":0,"k":[100,100,100],"ix":6,"l":2}},"ao":0,"shapes":[{"ty":"gr","it":[{"ind":0,"ty":"sh","ix":1,"ks":{"a":1,"k":[{"i":{"x":0.667,"y":1},"o":{"x":0.167,"y":0},"t":3,"s":[{"i":[[-8.133,-14.473],[6.341,-23.709],[8.619,-1.525],[5.076,18.109],[-3.143,21.348],[-6.693,0.69]],"o":[[0,0],[0,0],[-2.059,0.305],[0,0],[1.253,-8.513],[0,0]],"v":[[13.381,-31.581],[16.389,35.185],[4.567,43.957],[-11.568,28.517],[-17.959,-28.722],[-4.433,-44.136]],"c":true}]},{"i":{"x":0.833,"y":1},"o":{"x":0.333,"y":0},"t":7,"s":[{"i":[[-8.133,-14.473],[6.341,-23.709],[8.619,-1.525],[5.076,18.109],[-3.143,21.348],[-6.693,0.69]],"o":[[0,0],[0,0],[-2.059,0.305],[0,0],[1.253,-8.513],[0,0]],"v":[[13.381,-31.581],[14.013,35.9],[4.567,43.957],[-11.568,28.517],[-17.959,-28.722],[-4.433,-44.136]],"c":true}]},{"t":15,"s":[{"i":[[-8.133,-14.473],[6.341,-23.709],[9.37,0.075],[1.58,9.437],[-3.143,21.348],[-6.693,0.69]],"o":[[0,0],[0,0],[-4,0.146],[0,0],[1.253,-8.513],[0,0]],"v":[[13.445,-31.135],[11.067,36.359],[0.59,43.829],[-11.568,28.517],[-17.959,-28.722],[-4.433,-44.136]],"c":true}]}],"ix":2},"nm":"Path 1","mn":"ADBE Vector Shape - Group","hd":false},{"ty":"fl","c":{"a":0,"k":[0.870588243008,0.752941191196,0.678431391716,1],"ix":4},"o":{"a":0,"k":100,"ix":5},"r":1,"bm":0,"nm":"Fill 1","mn":"ADBE Vector Graphic - Fill","hd":false},{"ty":"tr","p":{"a":0,"k":[0,0],"ix":2},"a":{"a":0,"k":[0,0],"ix":1},"s":{"a":0,"k":[100,100],"ix":3},"r":{"a":0,"k":0,"ix":6},"o":{"a":0,"k":100,"ix":7},"sk":{"a":0,"k":0,"ix":4},"sa":{"a":0,"k":0,"ix":5},"nm":"Transform"}],"nm":"canh tay R","np":2,"cix":2,"bm":0,"ix":1,"mn":"ADBE Vector Group","hd":false}],"ip":-13,"op":149,"st":3,"bm":0},{"ddd":0,"ind":13,"ty":4,"nm":"cau vai R","parent":16,"sr":1,"ks":{"o":{"a":0,"k":100,"ix":11},"r":{"a":1,"k":[{"i":{"x":[0.667],"y":[1]},"o":{"x":[0.167],"y":[0]},"t":3,"s":[0]},{"i":{"x":[0.833],"y":[1]},"o":{"x":[0.333],"y":[0]},"t":7,"s":[59.023]},{"t":15,"s":[81.291]}],"ix":10},"p":{"a":1,"k":[{"i":{"x":0.667,"y":1},"o":{"x":0.333,"y":0},"t":3,"s":[0.661,-38.894,0],"to":[-1.083,-0.646,0],"ti":[1.674,1.759,0]},{"i":{"x":0.667,"y":1},"o":{"x":0.333,"y":0},"t":7,"s":[-5.839,-42.769,0],"to":[-1.674,-1.759,0],"ti":[0.59,1.113,0]},{"t":15,"s":[-9.381,-49.446,0]}],"ix":2,"l":2},"a":{"a":0,"k":[-0.75,-3.5,0],"ix":1,"l":2},"s":{"a":0,"k":[100,100,100],"ix":6,"l":2}},"ao":0,"shapes":[{"ty":"gr","it":[{"ind":0,"ty":"sh","ix":1,"ks":{"a":1,"k":[{"i":{"x":0.667,"y":1},"o":{"x":0.167,"y":0},"t":3,"s":[{"i":[[-14.352,-8.39],[2.937,-24.045],[8.341,-5.592],[6.71,29.357],[-12.479,10.162]],"o":[[0,0],[0,0],[0,0],[0,0],[0,0]],"v":[[12.123,-23.926],[22.233,7.198],[12.682,25.372],[-21.284,6.546],[-14.676,-21.977]],"c":true}]},{"i":{"x":0.833,"y":1},"o":{"x":0.333,"y":0},"t":7,"s":[{"i":[[-14.352,-8.39],[4.851,-23.377],[8.341,-5.592],[6.71,29.357],[-12.479,10.162]],"o":[[0,0],[0,0],[0,0],[0,0],[0,0]],"v":[[12.123,-23.926],[21.965,7.038],[10.206,25.124],[-21.284,6.546],[-14.676,-21.977]],"c":true}]},{"t":15,"s":[{"i":[[-14.352,-8.39],[4.851,-23.377],[8.341,-5.592],[6.71,29.357],[-12.479,10.162]],"o":[[0,0],[0,0],[0,0],[0,0],[0,0]],"v":[[12.123,-23.926],[20.918,7.506],[8.569,25.234],[-22.78,7.304],[-14.676,-21.977]],"c":true}]}],"ix":2},"nm":"Path 1","mn":"ADBE Vector Shape - Group","hd":false},{"ty":"fl","c":{"a":0,"k":[0.870588243008,0.752941191196,0.678431391716,1],"ix":4},"o":{"a":0,"k":100,"ix":5},"r":1,"bm":0,"nm":"Fill 1","mn":"ADBE Vector Graphic - Fill","hd":false},{"ty":"tr","p":{"a":0,"k":[0,0],"ix":2},"a":{"a":0,"k":[0,0],"ix":1},"s":{"a":0,"k":[100,100],"ix":3},"r":{"a":0,"k":0,"ix":6},"o":{"a":0,"k":100,"ix":7},"sk":{"a":0,"k":0,"ix":4},"sa":{"a":0,"k":0,"ix":5},"nm":"Transform"}],"nm":"cau vai R","np":2,"cix":2,"bm":0,"ix":1,"mn":"ADBE Vector Group","hd":false}],"ip":-13,"op":149,"st":3,"bm":0},{"ddd":0,"ind":14,"ty":4,"nm":"nach R","parent":16,"sr":1,"ks":{"o":{"a":0,"k":100,"ix":11},"r":{"a":0,"k":0,"ix":10},"p":{"a":0,"k":[-4.842,-33.107,0],"ix":2,"l":2},"a":{"a":0,"k":[0,0,0],"ix":1,"l":2},"s":{"a":0,"k":[100,100,100],"ix":6,"l":2}},"ao":0,"shapes":[{"ty":"gr","it":[{"ind":0,"ty":"sh","ix":1,"ks":{"a":1,"k":[{"i":{"x":0.667,"y":1},"o":{"x":0.333,"y":0},"t":7,"s":[{"i":[[9.993,-6.938],[0.551,-20.263],[-16.885,-2.143],[-7.535,19.298],[18.333,9.646]],"o":[[0,0],[0,0],[0,0],[0,0],[0,0]],"v":[[-10.23,-22.678],[-23.463,7.279],[-7.611,26.927],[20.646,10.449],[12.513,-26.26]],"c":true}]},{"t":15,"s":[{"i":[[9.161,-13.488],[1.265,-18.699],[-14.448,-1.943],[-7.535,19.298],[16.744,9.221]],"o":[[0,0],[0,0],[0,0],[0,0],[0,0]],"v":[[-10.23,-22.678],[-20.727,7.452],[-7.611,26.927],[14.36,8.967],[11.103,-33.225]],"c":true}]}],"ix":2},"nm":"Path 1","mn":"ADBE Vector Shape - Group","hd":false},{"ty":"fl","c":{"a":0,"k":[0.858823537827,0.709803938866,0.607843160629,1],"ix":4},"o":{"a":0,"k":100,"ix":5},"r":1,"bm":0,"nm":"Fill 1","mn":"ADBE Vector Graphic - Fill","hd":false},{"ty":"tr","p":{"a":0,"k":[0,0],"ix":2},"a":{"a":0,"k":[0,0],"ix":1},"s":{"a":0,"k":[100,100],"ix":3},"r":{"a":0,"k":0,"ix":6},"o":{"a":0,"k":100,"ix":7},"sk":{"a":0,"k":0,"ix":4},"sa":{"a":0,"k":0,"ix":5},"nm":"Transform"}],"nm":"nach R","np":2,"cix":2,"bm":0,"ix":1,"mn":"ADBE Vector Group","hd":false}],"ip":-11,"op":149,"st":3,"bm":0},{"ddd":0,"ind":15,"ty":4,"nm":"vien nach R","parent":16,"sr":1,"ks":{"o":{"a":0,"k":100,"ix":11},"r":{"a":0,"k":0,"ix":10},"p":{"a":0,"k":[-6.389,-33.241,0],"ix":2,"l":2},"a":{"a":0,"k":[0,0,0],"ix":1,"l":2},"s":{"a":0,"k":[100,100,100],"ix":6,"l":2}},"ao":0,"shapes":[{"ty":"gr","it":[{"ind":0,"ty":"sh","ix":1,"ks":{"a":1,"k":[{"i":{"x":0.833,"y":1},"o":{"x":0.167,"y":0},"t":3,"s":[{"i":[[11.554,-9.139],[0.574,-21.09],[-17.575,-2.23],[-7.435,20.75],[21.653,8.908]],"o":[[0,0],[0,0],[0,0],[0,0],[0,0]],"v":[[-8.644,-25.482],[-24.292,8.448],[-7.577,29.261],[24.993,11.498],[13.531,-30.41]],"c":true}]},{"i":{"x":0.833,"y":0.833},"o":{"x":0.333,"y":0},"t":7,"s":[{"i":[[11.554,-9.139],[0.574,-21.09],[-17.575,-2.23],[-7.435,20.75],[21.653,8.908]],"o":[[0,0],[0,0],[0,0],[0,0],[0,0]],"v":[[-9.769,-28.732],[-24.292,8.448],[-7.577,29.261],[24.993,11.498],[13.531,-30.41]],"c":true}]},{"i":{"x":0.667,"y":1},"o":{"x":0.167,"y":0.167},"t":9,"s":[{"i":[[11.13,-9.591],[0.746,-20.422],[-17.081,-2.342],[-8.041,20.414],[19.94,8.758]],"o":[[0,0],[0,0],[0,0],[0,0],[-0.767,-0.314]],"v":[[-10.024,-28.596],[-23.606,8.424],[-7.577,29.261],[23.726,11.17],[13.927,-30.986]],"c":true}]},{"t":15,"s":[{"i":[[8.844,-12.034],[1.675,-16.814],[-14.416,-2.945],[-9.113,22.186],[20.056,7.995]],"o":[[0,0],[0,0],[0,0],[0,0],[-4.911,-2.012]],"v":[[-9.261,-25.248],[-21.096,6.814],[-7.577,29.261],[17.913,11.134],[12.589,-34.671]],"c":true}]}],"ix":2},"nm":"Path 1","mn":"ADBE Vector Shape - Group","hd":false},{"ty":"fl","c":{"a":0,"k":[1,1,1,1],"ix":4},"o":{"a":0,"k":100,"ix":5},"r":1,"bm":0,"nm":"Fill 1","mn":"ADBE Vector Graphic - Fill","hd":false},{"ty":"tr","p":{"a":0,"k":[0,0],"ix":2},"a":{"a":0,"k":[0,0],"ix":1},"s":{"a":0,"k":[100,100],"ix":3},"r":{"a":0,"k":0,"ix":6},"o":{"a":0,"k":100,"ix":7},"sk":{"a":0,"k":0,"ix":4},"sa":{"a":0,"k":0,"ix":5},"nm":"Transform"}],"nm":"vien nach R","np":2,"cix":2,"bm":0,"ix":1,"mn":"ADBE Vector Group","hd":false}],"ip":-6,"op":149,"st":3,"bm":0},{"ddd":0,"ind":16,"ty":4,"nm":"ao","sr":1,"ks":{"o":{"a":0,"k":100,"ix":11},"r":{"a":1,"k":[{"i":{"x":[0.833],"y":[1]},"o":{"x":[0.333],"y":[0]},"t":3,"s":[0]},{"i":{"x":[0.833],"y":[1]},"o":{"x":[0.167],"y":[0]},"t":7,"s":[0]},{"t":15,"s":[-27.843]}],"ix":10},"p":{"a":1,"k":[{"i":{"x":0.667,"y":1},"o":{"x":0.333,"y":0},"t":3,"s":[340.331,425.493,0],"to":[0,-13.167,0],"ti":[-1.625,44.667,0]},{"i":{"x":0.667,"y":1},"o":{"x":0.333,"y":0},"t":7,"s":[340.331,346.493,0],"to":[1.625,-44.667,0],"ti":[-1.625,31.5,0]},{"t":15,"s":[350.081,157.493,0]}],"ix":2,"l":2},"a":{"a":0,"k":[0,0,0],"ix":1,"l":2},"s":{"a":0,"k":[100,100,100],"ix":6,"l":2}},"ao":0,"shapes":[{"ty":"gr","it":[{"ind":0,"ty":"sh","ix":1,"ks":{"a":1,"k":[{"i":{"x":0.833,"y":1},"o":{"x":0.333,"y":0},"t":3,"s":[{"i":[[-37.1,2.239],[-0.996,-35.744],[-10.97,-2.849],[0.643,25.317],[2.228,12.854],[0,0],[24.26,-26.465],[1.378,-9.373],[42.822,10.108],[0.551,24.811],[-7.26,27.752]],"o":[[0,0],[0,0],[0,0],[0,0],[0,0],[0,0],[0,0],[0,0],[0,0],[0,0],[0,0]],"v":[[8.202,-70.455],[32.238,-30.976],[43.831,-14.984],[62.394,-35.614],[60.326,-56.601],[70.205,-49.72],[56.329,13.594],[7.534,59.633],[-41.721,67.352],[-72.414,33.168],[-40.435,-9.011]],"c":true}]},{"i":{"x":0.833,"y":0.833},"o":{"x":0.167,"y":0},"t":7,"s":[{"i":[[-42.657,0.962],[-0.997,-35.744],[-13.725,-2.821],[0.643,25.317],[2.228,12.854],[0,0],[14.278,-19.837],[18.448,-44.251],[40.141,17.28],[2.083,16.089],[-5.646,34.268]],"o":[[0,0],[0,0],[0,0],[0,0],[0,0],[0,0],[-8.853,12.301],[0,0],[0,0],[0,0],[0,0]],"v":[[8.202,-70.455],[29.301,-30.414],[42.206,-13.422],[57.769,-35.302],[55.639,-55.038],[63.955,-50.158],[56.454,19.219],[13.096,89.008],[-32.034,84.29],[-60.914,59.793],[-32.185,-1.761]],"c":true}]},{"i":{"x":0.833,"y":1},"o":{"x":0.167,"y":0.167},"t":10,"s":[{"i":[[-39.975,-3.578],[-1.549,-34.856],[-14.892,-4.361],[0.117,18.985],[1.793,10.45],[0,0],[12.816,-23.426],[14.682,-41.489],[34.975,18.14],[9.477,7.396],[-5.507,34.429]],"o":[[0,0],[0,0],[0,0],[0,0],[0,0],[0,0],[-7.442,13.025],[0,0],[0,0],[0,0],[0,0]],"v":[[9.024,-69.551],[27.76,-29.938],[41.376,-11.381],[54.546,-27.135],[53.445,-44.777],[58.389,-40.216],[54.347,20.016],[12.914,94.094],[-26.144,79.664],[-61.403,59.733],[-33.489,0.426]],"c":true}]},{"t":15,"s":[{"i":[[-35.011,-11.978],[-2.572,-33.211],[-17.051,-7.211],[-0.856,7.27],[0.988,6.003],[0,0],[10.112,-30.066],[7.713,-36.377],[25.417,19.732],[23.158,-8.691],[-5.25,34.726]],"o":[[0,0],[0,0],[0,0],[0,0],[0,0],[0,0],[-4.832,14.365],[0,0],[0,0],[0,0],[0,0]],"v":[[12.41,-66.111],[24.909,-29.058],[39.84,-7.603],[48.583,-12.022],[47.99,-20.485],[48.082,-20.373],[50.448,21.49],[12.577,103.507],[-15.245,71.105],[-62.308,59.622],[-35.903,4.474]],"c":true}]}],"ix":2},"nm":"Path 1","mn":"ADBE Vector Shape - Group","hd":false},{"ty":"fl","c":{"a":0,"k":[0.839215695858,0.384313732386,0.156862750649,1],"ix":4},"o":{"a":0,"k":100,"ix":5},"r":1,"bm":0,"nm":"Fill 1","mn":"ADBE Vector Graphic - Fill","hd":false},{"ty":"tr","p":{"a":0,"k":[0,0],"ix":2},"a":{"a":0,"k":[0,0],"ix":1},"s":{"a":0,"k":[100,100],"ix":3},"r":{"a":0,"k":0,"ix":6},"o":{"a":0,"k":100,"ix":7},"sk":{"a":0,"k":0,"ix":4},"sa":{"a":0,"k":0,"ix":5},"nm":"Transform"}],"nm":"ao","np":2,"cix":2,"bm":0,"ix":1,"mn":"ADBE Vector Group","hd":false}],"ip":-8,"op":149,"st":3,"bm":0},{"ddd":0,"ind":17,"ty":4,"nm":"quan L","parent":16,"sr":1,"ks":{"o":{"a":0,"k":100,"ix":11},"r":{"a":1,"k":[{"i":{"x":[0.573],"y":[-0.057]},"o":{"x":[0.218],"y":[0]},"t":3,"s":[0]},{"i":{"x":[0.645],"y":[0.671]},"o":{"x":[0.302],"y":[0.272]},"t":3.96,"s":[2.944]},{"i":{"x":[0.671],"y":[0.727]},"o":{"x":[0.331],"y":[0.288]},"t":5.08,"s":[12.366]},{"i":{"x":[0.693],"y":[1]},"o":{"x":[0.352],"y":[0.713]},"t":6.04,"s":[20.976]},{"i":{"x":[0.652],"y":[0.639]},"o":{"x":[0.317],"y":[0]},"t":7,"s":[24.507]},{"i":{"x":[0.667],"y":[0.702]},"o":{"x":[0.318],"y":[0.13]},"t":8,"s":[31.064]},{"i":{"x":[0.815],"y":[1]},"o":{"x":[0.425],"y":[0.651]},"t":11,"s":[80.888]},{"t":15,"s":[119.674]}],"ix":10},"p":{"a":1,"k":[{"i":{"x":0.667,"y":1},"o":{"x":0.333,"y":0},"t":3,"s":[-13.445,80.464,0],"to":[3,5.542,0],"ti":[1.69,-10.227,0]},{"i":{"x":0.667,"y":0.352},"o":{"x":0.333,"y":0},"t":7,"s":[4.555,113.714,0],"to":[-0.553,3.349,0],"ti":[3.554,-3.584,0]},{"i":{"x":0.667,"y":0.423},"o":{"x":0.333,"y":0.488},"t":10,"s":[-5.335,115.667,0],"to":[-1.663,1.677,0],"ti":[1.654,-2.292,0]},{"i":{"x":0.667,"y":1},"o":{"x":0.333,"y":0.39},"t":11,"s":[-9.623,116.769,0],"to":[-5.604,7.766,0],"ti":[2.435,-2.433,0]},{"t":15,"s":[-23.583,141.827,0]}],"ix":2,"l":2},"a":{"a":0,"k":[-30.25,-1.25,0],"ix":1,"l":2},"s":{"a":0,"k":[100,100,100],"ix":6,"l":2}},"ao":0,"shapes":[{"ty":"gr","it":[{"ind":0,"ty":"sh","ix":1,"ks":{"a":1,"k":[{"i":{"x":0.667,"y":1},"o":{"x":0.167,"y":0},"t":3,"s":[{"i":[[-21.129,2.631],[-40.62,-6.616],[-2.573,-40.78],[10.792,16.414],[-2.498,9.99]],"o":[[0,0],[0,0],[0,0],[0,0],[2.62,-10.478]],"v":[[-21.401,-24.562],[54.17,-24.817],[41.966,23.387],[-53.242,19.088],[-52.991,-0.075]],"c":true}]},{"i":{"x":0.833,"y":1},"o":{"x":0.333,"y":0},"t":7,"s":[{"i":[[-15.241,1.898],[-40.62,-6.616],[-6.614,-38.01],[15.76,19.274],[-7.267,14.275]],"o":[[0,0],[0,0],[0,0],[0,0],[4.254,-8.358]],"v":[[-21.401,-24.562],[42.998,-23.708],[42.661,24.307],[-49.584,24.701],[-50.049,-8.012]],"c":true}]},{"t":15,"s":[{"i":[[-15.241,1.898],[-40.778,-5.126],[-3.497,-35.937],[15.452,14.286],[-7.267,14.275]],"o":[[0,0],[0,0],[0,0],[0,0],[4.254,-8.358]],"v":[[-21.635,-24.054],[45.977,-24.428],[50.254,23.189],[-49.584,24.701],[-54.316,-12.377]],"c":true}]}],"ix":2},"nm":"Path 1","mn":"ADBE Vector Shape - Group","hd":false},{"ty":"fl","c":{"a":0,"k":[0.137254908681,0.137254908681,0.137254908681,1],"ix":4},"o":{"a":0,"k":100,"ix":5},"r":1,"bm":0,"nm":"Fill 1","mn":"ADBE Vector Graphic - Fill","hd":false},{"ty":"tr","p":{"a":0,"k":[0,0],"ix":2},"a":{"a":0,"k":[0,0],"ix":1},"s":{"a":0,"k":[100,100],"ix":3},"r":{"a":0,"k":0,"ix":6},"o":{"a":0,"k":100,"ix":7},"sk":{"a":0,"k":0,"ix":4},"sa":{"a":0,"k":0,"ix":5},"nm":"Transform"}],"nm":"quan L","np":2,"cix":2,"bm":0,"ix":1,"mn":"ADBE Vector Group","hd":false}],"ip":-16,"op":149,"st":3,"bm":0},{"ddd":0,"ind":18,"ty":4,"nm":"chan L 2","parent":28,"sr":1,"ks":{"o":{"a":0,"k":100,"ix":11},"r":{"a":1,"k":[{"i":{"x":[0.571],"y":[0.628]},"o":{"x":[0.191],"y":[0]},"t":8,"s":[-29.624]},{"i":{"x":[0.704],"y":[1]},"o":{"x":[0.332],"y":[0.75]},"t":11,"s":[-81.562]},{"t":15,"s":[-108.127]}],"ix":10},"p":{"a":1,"k":[{"i":{"x":0.667,"y":1},"o":{"x":0.333,"y":0},"t":8,"s":[26.433,1.222,0],"to":[-3.456,-0.177,0],"ti":[3.456,0.177,0]},{"t":15,"s":[5.696,0.161,0]}],"ix":2,"l":2},"a":{"a":0,"k":[29.311,-66.171,0],"ix":1,"l":2},"s":{"a":0,"k":[100,100,100],"ix":6,"l":2}},"ao":0,"shapes":[{"ty":"gr","it":[{"ind":0,"ty":"sh","ix":1,"ks":{"a":1,"k":[{"i":{"x":0.667,"y":1},"o":{"x":0.167,"y":0},"t":8,"s":[{"i":[[-1.492,-6.007],[12.29,-17.868],[3.423,-12.738],[13.37,-30.463],[-4.411,-8.96],[0,0],[0.616,17.446],[-14.696,22.38],[-3.966,6.407],[-9.665,1.443]],"o":[[0,0],[0,0],[0,0],[0,0],[0,0],[0,0],[0,0],[4.545,-6.921],[0,0],[12.504,-1.867]],"v":[[45.426,-68.19],[37.309,-40.087],[23.642,-11.879],[1.851,36.308],[-7.522,78.074],[-33.712,82.347],[-24.155,12.508],[-7.339,-44.576],[11.943,-66.32],[26.747,-81.006]],"c":true}]},{"t":15,"s":[{"i":[[-1.492,-6.007],[13.86,-14.618],[3.861,-19.374],[13.37,-30.463],[-1.272,-9.585],[0,0],[0.616,17.446],[-14.696,22.38],[-3.966,6.407],[-9.665,1.443]],"o":[[0,0],[0,0],[0,0],[0,0],[0,0],[0,0],[0,0],[4.545,-6.921],[0,0],[12.504,-1.867]],"v":[[47.362,-68.053],[38.251,-39.366],[23.642,-11.879],[2.837,36.515],[-8.667,77.944],[-32.799,82],[-24.155,12.508],[-7.339,-44.576],[11.156,-66.723],[26.747,-81.006]],"c":true}]}],"ix":2},"nm":"Path 1","mn":"ADBE Vector Shape - Group","hd":false},{"ty":"fl","c":{"a":0,"k":[0.854901969433,0.694117665291,0.580392181873,1],"ix":4},"o":{"a":0,"k":100,"ix":5},"r":1,"bm":0,"nm":"Fill 1","mn":"ADBE Vector Graphic - Fill","hd":false},{"ty":"tr","p":{"a":0,"k":[0,0],"ix":2},"a":{"a":0,"k":[0,0],"ix":1},"s":{"a":0,"k":[100,100],"ix":3},"r":{"a":0,"k":0,"ix":6},"o":{"a":0,"k":100,"ix":7},"sk":{"a":0,"k":0,"ix":4},"sa":{"a":0,"k":0,"ix":5},"nm":"Transform"}],"nm":"chan L","np":2,"cix":2,"bm":0,"ix":1,"mn":"ADBE Vector Group","hd":false}],"ip":8,"op":28,"st":3,"bm":0},{"ddd":0,"ind":19,"ty":4,"nm":"chan L","sr":1,"ks":{"o":{"a":0,"k":100,"ix":11},"r":{"a":1,"k":[{"i":{"x":[0.667],"y":[1]},"o":{"x":[0.167],"y":[0]},"t":3,"s":[0]},{"t":7,"s":[-3.428]}],"ix":10},"p":{"a":0,"k":[394.408,644.9,0],"ix":2,"l":2},"a":{"a":0,"k":[-20.25,71.75,0],"ix":1,"l":2},"s":{"a":0,"k":[100,100,100],"ix":6,"l":2}},"ao":0,"shapes":[{"ty":"gr","it":[{"ind":0,"ty":"sh","ix":1,"ks":{"a":1,"k":[{"i":{"x":0.833,"y":1},"o":{"x":0.167,"y":0},"t":3,"s":[{"i":[[-6.1,-3.586],[9.741,-27.729],[2.895,-13.233],[13.37,-30.463],[-4.411,-8.96],[0,0],[1.838,17.644],[-14.696,22.38],[-3.966,6.407],[-7.95,2.593]],"o":[[0,0],[0,0],[0,0],[0,0],[0,0],[0,0],[0,0],[4.545,-6.921],[0,0],[7.017,-2.288]],"v":[[26.544,-79.089],[30.154,-41.893],[20.597,-13.314],[1.851,36.308],[-7.522,78.074],[-33.712,82.347],[-24.155,12.508],[-10.853,-46.539],[-3.657,-71.387],[8.088,-80.997]],"c":true}]},{"t":7,"s":[{"i":[[-1.492,-6.007],[12.29,-17.868],[3.423,-12.738],[13.37,-30.463],[-4.411,-8.96],[0,0],[0.616,17.446],[-14.696,22.38],[-3.966,6.407],[-9.665,1.443]],"o":[[0,0],[0,0],[0,0],[0,0],[0,0],[0,0],[0,0],[4.545,-6.921],[0,0],[12.504,-1.867]],"v":[[45.426,-68.19],[37.309,-40.087],[23.642,-11.879],[1.851,36.308],[-7.522,78.074],[-33.712,82.347],[-24.155,12.508],[-7.339,-44.576],[11.943,-66.32],[26.747,-81.006]],"c":true}]}],"ix":2},"nm":"Path 1","mn":"ADBE Vector Shape - Group","hd":false},{"ty":"fl","c":{"a":0,"k":[0.854901969433,0.694117665291,0.580392181873,1],"ix":4},"o":{"a":0,"k":100,"ix":5},"r":1,"bm":0,"nm":"Fill 1","mn":"ADBE Vector Graphic - Fill","hd":false},{"ty":"tr","p":{"a":0,"k":[0,0],"ix":2},"a":{"a":0,"k":[0,0],"ix":1},"s":{"a":0,"k":[100,100],"ix":3},"r":{"a":0,"k":0,"ix":6},"o":{"a":0,"k":100,"ix":7},"sk":{"a":0,"k":0,"ix":4},"sa":{"a":0,"k":0,"ix":5},"nm":"Transform"}],"nm":"chan L","np":2,"cix":2,"bm":0,"ix":1,"mn":"ADBE Vector Group","hd":false}],"ip":-1,"op":9,"st":3,"bm":0},{"ddd":0,"ind":20,"ty":4,"nm":"vien nach L","parent":16,"sr":1,"ks":{"o":{"a":0,"k":100,"ix":11},"r":{"a":0,"k":0,"ix":10},"p":{"a":1,"k":[{"i":{"x":0.667,"y":1},"o":{"x":0.333,"y":0},"t":3,"s":[70.844,-28.116,0],"to":[-1.156,-0.062,0],"ti":[3.798,-4.739,0]},{"i":{"x":0.667,"y":1},"o":{"x":0.333,"y":0},"t":7,"s":[63.907,-28.491,0],"to":[-3.798,4.739,0],"ti":[2.642,-4.801,0]},{"t":15,"s":[48.055,0.315,0]}],"ix":2,"l":2},"a":{"a":0,"k":[0,0,0],"ix":1,"l":2},"s":{"a":0,"k":[100,100,100],"ix":6,"l":2}},"ao":0,"shapes":[{"ty":"gr","it":[{"ind":0,"ty":"sh","ix":1,"ks":{"a":1,"k":[{"i":{"x":0.667,"y":1},"o":{"x":0.333,"y":0},"t":3,"s":[{"i":[[0,0],[0,0],[14.473,-3.722]],"o":[[0,0],[0,0],[0,0]],"v":[[-1.324,-22.081],[1.57,-20.042],[-4.177,22.081]],"c":true}]},{"i":{"x":0.833,"y":1},"o":{"x":0.333,"y":0},"t":7,"s":[{"i":[[0,0],[0,0],[14.473,-3.722]],"o":[[0,0],[0,0],[0,0]],"v":[[-1.324,-22.081],[1.82,-19.792],[-4.552,28.393]],"c":true}]},{"t":15,"s":[{"i":[[0,0],[0,0],[8.825,-5.373]],"o":[[0,0],[0,0],[0,0]],"v":[[1.369,-16.205],[2.646,-15.468],[-0.235,20.354]],"c":true}]}],"ix":2},"nm":"Path 1","mn":"ADBE Vector Shape - Group","hd":false},{"ty":"fl","c":{"a":0,"k":[1,1,1,1],"ix":4},"o":{"a":0,"k":100,"ix":5},"r":1,"bm":0,"nm":"Fill 1","mn":"ADBE Vector Graphic - Fill","hd":false},{"ty":"tr","p":{"a":0,"k":[0,0],"ix":2},"a":{"a":0,"k":[0,0],"ix":1},"s":{"a":0,"k":[100,100],"ix":3},"r":{"a":0,"k":0,"ix":6},"o":{"a":0,"k":100,"ix":7},"sk":{"a":0,"k":0,"ix":4},"sa":{"a":0,"k":0,"ix":5},"nm":"Transform"}],"nm":"vien nach L","np":2,"cix":2,"bm":0,"ix":1,"mn":"ADBE Vector Group","hd":false}],"ip":-2,"op":149,"st":3,"bm":0},{"ddd":0,"ind":21,"ty":4,"nm":"dau","parent":23,"sr":1,"ks":{"o":{"a":0,"k":100,"ix":11},"r":{"a":0,"k":0,"ix":10},"p":{"a":1,"k":[{"i":{"x":0.667,"y":1},"o":{"x":0.333,"y":0},"t":3,"s":[17.775,-46.676,0],"to":[-0.833,0.167,0],"ti":[0.833,-0.167,0]},{"t":7,"s":[12.775,-45.676,0]}],"ix":2,"l":2},"a":{"a":0,"k":[394.861,320.753,0],"ix":1,"l":2},"s":{"a":0,"k":[100,100,100],"ix":6,"l":2}},"ao":0,"shapes":[{"ty":"gr","it":[{"ind":0,"ty":"sh","ix":1,"ks":{"a":0,"k":{"i":[[0,0],[0,0],[0,0],[0,0]],"o":[[0,0],[0,0],[0,0],[0,0]],"v":[[-1.656,7.168],[-3.223,-7.555],[3.095,-5.88],[3.223,7.555]],"c":true},"ix":2},"nm":"Path 1","mn":"ADBE Vector Shape - Group","hd":false},{"ty":"fl","c":{"a":0,"k":[0.368627458811,0.235294118524,0.133333340287,1],"ix":4},"o":{"a":0,"k":100,"ix":5},"r":1,"bm":0,"nm":"Fill 1","mn":"ADBE Vector Graphic - Fill","hd":false},{"ty":"tr","p":{"a":0,"k":[383.841,322.755],"ix":2},"a":{"a":0,"k":[0,0],"ix":1},"s":{"a":0,"k":[100,100],"ix":3},"r":{"a":0,"k":0,"ix":6},"o":{"a":0,"k":100,"ix":7},"sk":{"a":0,"k":0,"ix":4},"sa":{"a":0,"k":0,"ix":5},"nm":"Transform"}],"nm":"Group 1","np":2,"cix":2,"bm":0,"ix":1,"mn":"ADBE Vector Group","hd":false},{"ty":"gr","it":[{"ind":0,"ty":"sh","ix":1,"ks":{"a":0,"k":{"i":[[6.557,-5.58],[-4.29,0.193],[0,0]],"o":[[-5.362,4.563],[2.632,-0.119],[0,0]],"v":[[-5.037,-7.643],[1.341,8.98],[6.906,0.428]],"c":true},"ix":2},"nm":"Path 1","mn":"ADBE Vector Shape - Group","hd":false},{"ty":"fl","c":{"a":0,"k":[0.878431379795,0.760784327984,0.68235296011,1],"ix":4},"o":{"a":0,"k":100,"ix":5},"r":1,"bm":0,"nm":"Fill 1","mn":"ADBE Vector Graphic - Fill","hd":false},{"ty":"tr","p":{"a":0,"k":[377.086,326.578],"ix":2},"a":{"a":0,"k":[0,0],"ix":1},"s":{"a":0,"k":[100,100],"ix":3},"r":{"a":0,"k":0,"ix":6},"o":{"a":0,"k":100,"ix":7},"sk":{"a":0,"k":0,"ix":4},"sa":{"a":0,"k":0,"ix":5},"nm":"Transform"}],"nm":"Group 2","np":2,"cix":2,"bm":0,"ix":2,"mn":"ADBE Vector Group","hd":false},{"ty":"gr","it":[{"ind":0,"ty":"sh","ix":1,"ks":{"a":0,"k":{"i":[[-7.027,-2.98],[9.296,-0.807],[8.659,1.847],[0,0],[0,0],[0,0],[0,0],[0,0],[1.329,14.914],[-8.58,6.042]],"o":[[0.656,2.287],[-4.908,0.538],[-2.957,9.078],[0,0],[0,0],[-2.163,1.091],[0,0],[0,0],[-0.625,-7.019],[15.686,-11.046]],"v":[[28.352,-23.684],[17.302,-11.374],[-2.764,-13.026],[-4.223,0.641],[-8.557,6.271],[-11.17,14.025],[-21.36,18.663],[-22.265,30.047],[-28.256,8.057],[-19.901,-24.727]],"c":true},"ix":2},"nm":"Path 1","mn":"ADBE Vector Shape - Group","hd":false},{"ty":"fl","c":{"a":0,"k":[0.368627458811,0.235294118524,0.133333340287,1],"ix":4},"o":{"a":0,"k":100,"ix":5},"r":1,"bm":0,"nm":"Fill 1","mn":"ADBE Vector Graphic - Fill","hd":false},{"ty":"tr","p":{"a":0,"k":[394.555,312.088],"ix":2},"a":{"a":0,"k":[0,0],"ix":1},"s":{"a":0,"k":[100,100],"ix":3},"r":{"a":0,"k":0,"ix":6},"o":{"a":0,"k":100,"ix":7},"sk":{"a":0,"k":0,"ix":4},"sa":{"a":0,"k":0,"ix":5},"nm":"Transform"}],"nm":"Group 3","np":2,"cix":2,"bm":0,"ix":3,"mn":"ADBE Vector Group","hd":false},{"ty":"gr","it":[{"ind":0,"ty":"sh","ix":1,"ks":{"a":0,"k":{"i":[[-9.35,7.207],[-11.678,-8.034],[-1.08,-8.899],[1.758,-5.534],[3.727,1.339],[0,0],[0.337,2.438],[0,0]],"o":[[6.61,-5.095],[5.491,3.778],[1.862,15.34],[-0.242,0.761],[0,0],[-2.094,-1.293],[0,0],[0,0]],"v":[[-21.463,-31.01],[17.034,-30.449],[25.219,-11.355],[18.921,34.442],[5.237,35.076],[-15.958,21.991],[-19.796,16.101],[-21.215,5.825]],"c":true},"ix":2},"nm":"Path 1","mn":"ADBE Vector Shape - Group","hd":false},{"ty":"fl","c":{"a":0,"k":[0.878431379795,0.760784327984,0.68235296011,1],"ix":4},"o":{"a":0,"k":100,"ix":5},"r":1,"bm":0,"nm":"Fill 1","mn":"ADBE Vector Graphic - Fill","hd":false},{"ty":"tr","p":{"a":0,"k":[397.657,323.788],"ix":2},"a":{"a":0,"k":[0,0],"ix":1},"s":{"a":0,"k":[100,100],"ix":3},"r":{"a":0,"k":0,"ix":6},"o":{"a":0,"k":100,"ix":7},"sk":{"a":0,"k":0,"ix":4},"sa":{"a":0,"k":0,"ix":5},"nm":"Transform"}],"nm":"Group 4","np":2,"cix":2,"bm":0,"ix":4,"mn":"ADBE Vector Group","hd":false},{"ty":"gr","it":[{"ind":0,"ty":"sh","ix":1,"ks":{"a":0,"k":{"i":[[0,0],[5.318,-19.463],[0,0]],"o":[[0,0],[0,0],[0,0]],"v":[[7.761,-15.087],[6.516,15.087],[-9.252,-11.923]],"c":true},"ix":2},"nm":"Path 1","mn":"ADBE Vector Shape - Group","hd":false},{"ty":"fl","c":{"a":0,"k":[0.184313729405,0.0941176489,0.04705882445,1],"ix":4},"o":{"a":0,"k":100,"ix":5},"r":1,"bm":0,"nm":"Fill 1","mn":"ADBE Vector Graphic - Fill","hd":false},{"ty":"tr","p":{"a":0,"k":[414.369,306.463],"ix":2},"a":{"a":0,"k":[0,0],"ix":1},"s":{"a":0,"k":[100,100],"ix":3},"r":{"a":0,"k":0,"ix":6},"o":{"a":0,"k":100,"ix":7},"sk":{"a":0,"k":0,"ix":4},"sa":{"a":0,"k":0,"ix":5},"nm":"Transform"}],"nm":"Group 5","np":2,"cix":2,"bm":0,"ix":5,"mn":"ADBE Vector Group","hd":false}],"ip":-2,"op":149,"st":3,"bm":0},{"ddd":0,"ind":22,"ty":4,"nm":"vien co","parent":23,"sr":1,"ks":{"o":{"a":0,"k":100,"ix":11},"r":{"a":0,"k":0,"ix":10},"p":{"a":0,"k":[-1.233,16.999,0],"ix":2,"l":2},"a":{"a":0,"k":[0,0,0],"ix":1,"l":2},"s":{"a":0,"k":[100,100,100],"ix":6,"l":2}},"ao":0,"shapes":[{"ty":"gr","it":[{"ind":0,"ty":"sh","ix":1,"ks":{"a":1,"k":[{"i":{"x":0.667,"y":1},"o":{"x":0.333,"y":0},"t":3,"s":[{"i":[[14.799,6.662],[0,0],[-1.683,-31.015],[-14.611,2.583],[2.144,24.459],[0,0],[0,0],[31.543,-5.789],[2.389,30.876]],"o":[[0,0],[0,0],[0,0],[0,0],[0,0],[0,0],[0,0],[0,0],[0,0]],"v":[[-28.628,-29.286],[-23.881,-30.124],[-1.248,6.232],[13.915,23.784],[24.933,-0.568],[23.288,-17.293],[24.804,-15.535],[8.792,30.124],[-9.978,-4.703]],"c":true}]},{"i":{"x":0.833,"y":0.833},"o":{"x":0.333,"y":0},"t":7,"s":[{"i":[[14.799,6.662],[0,0],[-1.683,-31.015],[-13.143,1.539],[2.152,22.828],[0,0],[0,0],[24.23,-4.802],[-1.313,37.088]],"o":[[0,0],[0,0],[0,0],[0,0],[0,0],[0,0],[0,0],[0,0],[0,0]],"v":[[-28.628,-29.286],[-24.6,-30.062],[-4.123,6.732],[8.79,25.659],[20.183,3.119],[18.6,-14.605],[20.523,-14.223],[8.792,30.124],[-9.978,-4.703]],"c":true}]},{"i":{"x":0.833,"y":0.833},"o":{"x":0.167,"y":0.167},"t":10,"s":[{"i":[[14.799,6.662],[0,0],[-4.399,-24.477],[-11.843,-0.065],[2.689,18.488],[0,0],[0,0],[21.614,-4.397],[2.209,33.526]],"o":[[0,0],[0,0],[0,0],[0,0],[-0.142,-0.654],[0,0],[0,0],[0,0],[0,0]],"v":[[-28.351,-28.416],[-24.449,-29.722],[-0.187,2.534],[14.866,20.852],[23.365,3.797],[20.924,-11.855],[22.685,-11.043],[13.765,25.492],[-8.312,-5.393]],"c":true}]},{"i":{"x":0.833,"y":1},"o":{"x":0.167,"y":0.167},"t":12,"s":[{"i":[[14.799,6.662],[0,0],[-7.908,-22.793],[-10.457,-1.774],[3.261,13.859],[0,0],[0,0],[18.825,-3.966],[5.964,29.727]],"o":[[0,0],[0,0],[0,0],[0,0],[-0.293,-1.351],[0,0],[0,0],[0,0],[0,0]],"v":[[-27.045,-28.713],[-22.231,-29.913],[2.301,-1.222],[16.497,14.266],[26.759,4.52],[23.763,-8.067],[24.99,-7.652],[19.068,20.551],[-6.535,-6.128]],"c":true}]},{"t":15,"s":[{"i":[[14.799,6.662],[0,0],[-13.703,-24.945],[-12.959,-4.231],[1.765,8.131],[0,0],[0,0],[14.978,-3.371],[11.145,24.487]],"o":[[0,0],[0,0],[0,0],[0,0],[-0.502,-2.313],[0,0],[0,0],[0,0],[0,0]],"v":[[-25.701,-28.88],[-20.544,-29.808],[5.814,-0.957],[20.336,9.61],[30.371,3.255],[27.437,-3.413],[28.17,-2.975],[26.383,13.736],[-4.085,-7.143]],"c":true}]}],"ix":2},"nm":"Path 1","mn":"ADBE Vector Shape - Group","hd":false},{"ty":"fl","c":{"a":0,"k":[1,1,1,1],"ix":4},"o":{"a":0,"k":100,"ix":5},"r":1,"bm":0,"nm":"Fill 1","mn":"ADBE Vector Graphic - Fill","hd":false},{"ty":"tr","p":{"a":0,"k":[0,0],"ix":2},"a":{"a":0,"k":[0,0],"ix":1},"s":{"a":0,"k":[100,100],"ix":3},"r":{"a":0,"k":0,"ix":6},"o":{"a":0,"k":100,"ix":7},"sk":{"a":0,"k":0,"ix":4},"sa":{"a":0,"k":0,"ix":5},"nm":"Transform"}],"nm":"vien co","np":2,"cix":2,"bm":0,"ix":1,"mn":"ADBE Vector Group","hd":false}],"ip":-2,"op":149,"st":3,"bm":0},{"ddd":0,"ind":23,"ty":4,"nm":"co","parent":16,"sr":1,"ks":{"o":{"a":0,"k":100,"ix":11},"r":{"a":1,"k":[{"i":{"x":[0.667],"y":[1]},"o":{"x":[0.167],"y":[0]},"t":7,"s":[0]},{"t":15,"s":[26.026]}],"ix":10},"p":{"a":1,"k":[{"i":{"x":0.667,"y":1},"o":{"x":0.333,"y":0},"t":7,"s":[36.756,-58.064,0],"to":[-1.078,2.352,0],"ti":[1.078,-2.352,0]},{"t":15,"s":[30.29,-43.95,0]}],"ix":2,"l":2},"a":{"a":0,"k":[0,0,0],"ix":1,"l":2},"s":{"a":0,"k":[100,100,100],"ix":6,"l":2}},"ao":0,"shapes":[{"ty":"gr","it":[{"ind":0,"ty":"sh","ix":1,"ks":{"a":1,"k":[{"i":{"x":0.667,"y":1},"o":{"x":0.333,"y":0},"t":3,"s":[{"i":[[0,0],[12.498,-4.043],[9.386,-1.527],[0,0],[0,0],[0,0],[0,0],[0,0],[-10.752,-2.205],[0,0]],"o":[[0,0],[0,0],[0,0],[0,0],[0,0],[0,0],[0,0],[0,0],[0,0],[0,0]],"v":[[-4.136,-27.311],[-17.46,-15.089],[-33.909,-11.413],[-15.714,37.061],[-12.13,51.809],[25.087,47.674],[30.325,10.457],[22.054,-0.294],[33.909,-8.84],[-4.495,-51.809]],"c":true}]},{"i":{"x":0.833,"y":0.833},"o":{"x":0.333,"y":0},"t":7,"s":[{"i":[[0,0],[9.998,-4.528],[9.386,-1.527],[0,0],[0,0],[0,0],[0,0],[0,0],[-12.683,-0.089],[0,0]],"o":[[0,0],[0,0],[0,0],[0,0],[0,0],[0,0],[0,0],[0,0],[0,0],[0,0]],"v":[[-9.261,-28.311],[-18.022,-15.464],[-33.909,-11.413],[-15.714,37.061],[-12.13,51.809],[25.087,47.674],[24.825,7.082],[16.617,1.893],[31.284,-10.715],[-9.182,-51.997]],"c":true}]},{"i":{"x":0.833,"y":1},"o":{"x":0.167,"y":0.167},"t":10,"s":[{"i":[[0,0],[9.548,-4.891],[9.386,-1.527],[0,0],[0,0],[-3.426,1.487],[0,0],[0,0],[-12.683,-0.089],[0,0]],"o":[[0,0],[0,0],[0,0],[0,0],[0,0],[3.426,-1.487],[0,0],[0,0],[0,0],[0,0]],"v":[[-9.261,-28.311],[-17.861,-15.326],[-33.423,-9.674],[-15.014,36.388],[-10.189,50.597],[27.462,45.831],[25.235,8.75],[17.678,2.854],[31.284,-10.715],[-9.182,-51.997]],"c":true}]},{"t":15,"s":[{"i":[[0,0],[8.295,-5.902],[9.386,-1.527],[0,0],[0,0],[-12.949,5.619],[0,0],[0,0],[-12.683,-0.089],[0,0]],"o":[[0,0],[0,0],[0,0],[0,0],[0,0],[12.949,-5.619],[0,0],[0,0],[0,0],[0,0]],"v":[[-9.261,-28.311],[-17.413,-14.944],[-33.728,-9.219],[-13.069,34.518],[-4.793,47.227],[34.062,40.705],[26.376,13.385],[20.629,5.522],[31.284,-10.715],[-9.182,-51.997]],"c":true}]}],"ix":2},"nm":"Path 1","mn":"ADBE Vector Shape - Group","hd":false},{"ty":"fl","c":{"a":0,"k":[0.854901969433,0.694117665291,0.580392181873,1],"ix":4},"o":{"a":0,"k":100,"ix":5},"r":1,"bm":0,"nm":"Fill 1","mn":"ADBE Vector Graphic - Fill","hd":false},{"ty":"tr","p":{"a":0,"k":[0,0],"ix":2},"a":{"a":0,"k":[0,0],"ix":1},"s":{"a":0,"k":[100,100],"ix":3},"r":{"a":0,"k":0,"ix":6},"o":{"a":0,"k":100,"ix":7},"sk":{"a":0,"k":0,"ix":4},"sa":{"a":0,"k":0,"ix":5},"nm":"Transform"}],"nm":"co","np":2,"cix":2,"bm":0,"ix":1,"mn":"ADBE Vector Group","hd":false}],"ip":-2,"op":149,"st":3,"bm":0},{"ddd":0,"ind":24,"ty":4,"nm":"mong","parent":16,"sr":1,"ks":{"o":{"a":0,"k":100,"ix":11},"r":{"a":0,"k":0,"ix":10},"p":{"a":1,"k":[{"i":{"x":0.667,"y":1},"o":{"x":0.333,"y":0},"t":3,"s":[-45.717,70.806,0],"to":[1.958,4.458,0],"ti":[-2.776,-3.428,0]},{"i":{"x":0.667,"y":1},"o":{"x":0.333,"y":0},"t":7,"s":[-33.967,97.556,0],"to":[2.776,3.428,0],"ti":[-0.818,1.031,0]},{"t":15,"s":[-29.059,91.373,0]}],"ix":2,"l":2},"a":{"a":0,"k":[0,0,0],"ix":1,"l":2},"s":{"a":0,"k":[100,100,100],"ix":6,"l":2}},"ao":0,"shapes":[{"ty":"gr","it":[{"ind":0,"ty":"sh","ix":1,"ks":{"a":1,"k":[{"i":{"x":0.84,"y":0},"o":{"x":0.167,"y":0},"t":3,"s":[{"i":[[0,0],[0.686,-34.856],[-37.424,1.119],[-6.91,2.253],[0,0],[-1.389,20.908],[0,0]],"o":[[0,0],[0,0],[0,0],[14.034,-4.576],[0,0],[0,0],[0,0]],"v":[[-26.317,-37.629],[-53.241,7.6],[-17.393,37.6],[14.03,31.549],[39.047,18.583],[53.25,-11.173],[5.617,-27.011]],"c":true}]},{"i":{"x":0.84,"y":0},"o":{"x":0.16,"y":1},"t":5.08,"s":[{"i":[[0,0],[-0.915,-29.038],[-28.108,-4.058],[-6.91,2.253],[0,0],[-3.273,17.886],[0,0]],"o":[[0,0],[0,0],[0,0],[14.034,-4.576],[0,0],[0,0],[0,0]],"v":[[-27.933,-39.518],[-46.864,2.233],[-13.367,29.319],[12.739,27.598],[40.491,16.304],[48.312,-8.552],[2.667,-27.09]],"c":true}]},{"i":{"x":0.84,"y":0},"o":{"x":0.16,"y":1},"t":5.56,"s":[{"i":[[0,0],[0.293,-28.914],[-26.193,-5.122],[-6.91,2.253],[0,0],[-3.661,17.265],[0,0]],"o":[[0,0],[0,0],[0,0],[14.034,-4.576],[0,0],[0,0],[0,0]],"v":[[-27.703,-39.706],[-45.75,1.195],[-12.539,27.617],[12.473,26.786],[40.788,15.835],[46.984,-11.669],[2.273,-28.453]],"c":true}]},{"i":{"x":0.667,"y":1},"o":{"x":0.16,"y":1},"t":6.04,"s":[{"i":[[0,0],[1.5,-28.79],[-24.278,-6.186],[-6.91,2.253],[0,0],[-4.048,16.644],[0,0]],"o":[[0,0],[0,0],[0,0],[14.034,-4.576],[0,0],[0,0],[0,0]],"v":[[-27.472,-39.894],[-44.635,0.157],[-11.711,25.914],[12.208,25.974],[41.084,15.367],[45.407,-9.787],[1.778,-27.811]],"c":true}]},{"i":{"x":0.833,"y":1},"o":{"x":0.333,"y":0},"t":7,"s":[{"i":[[0,0],[2.876,-28.648],[-22.096,-7.398],[-6.91,2.253],[0,0],[-4.489,15.936],[0,0]],"o":[[0,0],[0,0],[0,0],[14.034,-4.576],[0,0],[0,0],[0,0]],"v":[[-26.817,-37.754],[-43.366,-1.025],[-10.768,23.975],[11.905,25.049],[41.422,14.833],[45.125,-6.86],[2.057,-25.355]],"c":true}]},{"t":15,"s":[{"i":[[0,0],[6.432,-24.743],[-16.993,-11.884],[-7.085,-1.621],[0,0],[0.544,17.556],[0,0]],"o":[[0,0],[0,0],[0,0],[13.302,3.043],[0,0],[0,0],[0,0]],"v":[[-31.744,-32.44],[-56.131,1.479],[-36.055,31.956],[-1.469,50.217],[28.768,47.268],[44.176,-6.937],[10.914,-43.926]],"c":true}]}],"ix":2},"nm":"Path 1","mn":"ADBE Vector Shape - Group","hd":false},{"ty":"fl","c":{"a":0,"k":[0.137254908681,0.137254908681,0.137254908681,1],"ix":4},"o":{"a":0,"k":100,"ix":5},"r":1,"bm":0,"nm":"Fill 1","mn":"ADBE Vector Graphic - Fill","hd":false},{"ty":"tr","p":{"a":0,"k":[0,0],"ix":2},"a":{"a":0,"k":[0,0],"ix":1},"s":{"a":0,"k":[100,100],"ix":3},"r":{"a":0,"k":0,"ix":6},"o":{"a":0,"k":100,"ix":7},"sk":{"a":0,"k":0,"ix":4},"sa":{"a":0,"k":0,"ix":5},"nm":"Transform"}],"nm":"mong","np":2,"cix":2,"bm":0,"ix":1,"mn":"ADBE Vector Group","hd":false}],"ip":-2,"op":149,"st":3,"bm":0},{"ddd":0,"ind":25,"ty":4,"nm":"cang tay L","parent":26,"sr":1,"ks":{"o":{"a":0,"k":100,"ix":11},"r":{"a":1,"k":[{"i":{"x":[0.667],"y":[1]},"o":{"x":[0.167],"y":[0]},"t":3,"s":[0]},{"i":{"x":[0.833],"y":[1]},"o":{"x":[0.167],"y":[0]},"t":7,"s":[121.412]},{"i":{"x":[0.833],"y":[1]},"o":{"x":[0.167],"y":[0]},"t":9,"s":[121.412]},{"t":15,"s":[149.361]}],"ix":10},"p":{"a":1,"k":[{"i":{"x":0.667,"y":1},"o":{"x":0.333,"y":0},"t":3,"s":[20.578,36.001,0],"to":[-2.875,-4.042,0],"ti":[2.875,4.042,0]},{"t":7,"s":[3.328,11.751,0]}],"ix":2,"l":2},"a":{"a":0,"k":[-1,25.75,0],"ix":1,"l":2},"s":{"a":0,"k":[100,100,100],"ix":6,"l":2}},"ao":0,"shapes":[{"ty":"gr","it":[{"ind":0,"ty":"sh","ix":1,"ks":{"a":1,"k":[{"i":{"x":0.667,"y":1},"o":{"x":0.167,"y":0},"t":3,"s":[{"i":[[-4.273,-10.752],[-6.712,0.763],[-2.868,6.497],[5.454,15.87],[-1.447,7.168],[5.288,-0.305],[0,0]],"o":[[0,0],[0,0],[2.727,-6.178],[0,0],[0,0],[-5.288,0.305],[0,0]],"v":[[-12.025,23.765],[-0.232,32.171],[10.162,23.945],[10.047,-7.654],[7.153,-27.503],[-0.943,-32.202],[-7.941,-26.332]],"c":true}]},{"i":{"x":0.833,"y":1},"o":{"x":0.167,"y":0},"t":7,"s":[{"i":[[-6.425,-13.078],[-7.926,0.645],[-3.085,7.916],[2.6,17.219],[1.658,7.042],[5.288,-0.305],[0,0]],"o":[[0,0],[0,0],[2.452,-6.292],[0,0],[0,0],[-5.288,0.305],[0,0]],"v":[[-12.025,23.765],[-0.232,32.171],[9.001,23.483],[10.753,-7.938],[5.496,-36.451],[-0.852,-39.728],[-6.765,-34.959]],"c":true}]},{"t":11,"s":[{"i":[[-6.425,-13.078],[-7.926,0.645],[-3.085,7.916],[2.6,17.219],[1.658,7.042],[5.288,-0.305],[0,0]],"o":[[0,0],[0,0],[2.452,-6.292],[0,0],[0,0],[-5.288,0.305],[0,0]],"v":[[-12.025,23.765],[-0.232,32.171],[9.001,23.483],[10.753,-7.938],[5.796,-38.737],[-1.193,-43.177],[-6.304,-38.782]],"c":true}]}],"ix":2},"nm":"Path 1","mn":"ADBE Vector Shape - Group","hd":false},{"ty":"fl","c":{"a":0,"k":[0.854901969433,0.694117665291,0.580392181873,1],"ix":4},"o":{"a":0,"k":100,"ix":5},"r":1,"bm":0,"nm":"Fill 1","mn":"ADBE Vector Graphic - Fill","hd":false},{"ty":"tr","p":{"a":0,"k":[0,0],"ix":2},"a":{"a":0,"k":[0,0],"ix":1},"s":{"a":0,"k":[100,100],"ix":3},"r":{"a":0,"k":0,"ix":6},"o":{"a":0,"k":100,"ix":7},"sk":{"a":0,"k":0,"ix":4},"sa":{"a":0,"k":0,"ix":5},"nm":"Transform"}],"nm":"cang tay L","np":2,"cix":2,"bm":0,"ix":1,"mn":"ADBE Vector Group","hd":false}],"ip":-2,"op":149,"st":3,"bm":0},{"ddd":0,"ind":26,"ty":4,"nm":"canh tay L","parent":27,"sr":1,"ks":{"o":{"a":0,"k":100,"ix":11},"r":{"a":1,"k":[{"i":{"x":[0.833],"y":[1]},"o":{"x":[0.333],"y":[0]},"t":9,"s":[0]},{"t":15,"s":[9.193]}],"ix":10},"p":{"a":0,"k":[-0.717,3.841,0],"ix":2,"l":2},"a":{"a":0,"k":[-19,-29.5,0],"ix":1,"l":2},"s":{"a":0,"k":[100,100,100],"ix":6,"l":2}},"ao":0,"shapes":[{"ty":"gr","it":[{"ind":0,"ty":"sh","ix":1,"ks":{"a":1,"k":[{"i":{"x":0.667,"y":1},"o":{"x":0.167,"y":0},"t":3,"s":[{"i":[[-23.797,-3.356],[-6.712,-37.678],[8.008,-5.72],[11.364,12.661],[0.763,24.407]],"o":[[0,0],[0,0],[0,0],[0,0],[0,0]],"v":[[-11.094,-41.832],[29.94,22.235],[24.753,40.769],[6.296,34.134],[-30.009,-24.595]],"c":true}]},{"t":7,"s":[{"i":[[-23.797,-3.356],[-6.712,-37.678],[9.4,-2.31],[6.233,7.951],[5.788,22.055]],"o":[[0,0],[0,0],[0,0],[0,0],[0,0]],"v":[[-11.094,-41.832],[17.065,12.985],[8.003,22.269],[-5.204,16.259],[-30.009,-24.595]],"c":true}]}],"ix":2},"nm":"Path 1","mn":"ADBE Vector Shape - Group","hd":false},{"ty":"fl","c":{"a":0,"k":[0.827450990677,0.654901981354,0.537254929543,1],"ix":4},"o":{"a":0,"k":100,"ix":5},"r":1,"bm":0,"nm":"Fill 1","mn":"ADBE Vector Graphic - Fill","hd":false},{"ty":"tr","p":{"a":0,"k":[0,0],"ix":2},"a":{"a":0,"k":[0,0],"ix":1},"s":{"a":0,"k":[100,100],"ix":3},"r":{"a":0,"k":0,"ix":6},"o":{"a":0,"k":100,"ix":7},"sk":{"a":0,"k":0,"ix":4},"sa":{"a":0,"k":0,"ix":5},"nm":"Transform"}],"nm":"canh tay L","np":2,"cix":2,"bm":0,"ix":1,"mn":"ADBE Vector Group","hd":false}],"ip":-2,"op":149,"st":3,"bm":0},{"ddd":0,"ind":27,"ty":4,"nm":"cau vai L","parent":16,"sr":1,"ks":{"o":{"a":0,"k":100,"ix":11},"r":{"a":1,"k":[{"i":{"x":[0.667],"y":[1]},"o":{"x":[0.167],"y":[0]},"t":7,"s":[0]},{"t":15,"s":[72.254]}],"ix":10},"p":{"a":1,"k":[{"i":{"x":0.667,"y":1},"o":{"x":0.333,"y":0},"t":3,"s":[62.108,-32.544,0],"to":[0.188,0.688,0],"ti":[3.916,-4.575,0]},{"i":{"x":0.667,"y":1},"o":{"x":0.333,"y":0},"t":7,"s":[63.233,-28.419,0],"to":[-3.916,4.575,0],"ti":[4.103,-3.888,0]},{"t":15,"s":[38.613,-5.092,0]}],"ix":2,"l":2},"a":{"a":0,"k":[0,0,0],"ix":1,"l":2},"s":{"a":0,"k":[100,100,100],"ix":6,"l":2}},"ao":0,"shapes":[{"ty":"gr","it":[{"ind":0,"ty":"sh","ix":1,"ks":{"a":1,"k":[{"i":{"x":0.667,"y":1},"o":{"x":0.333,"y":0},"t":3,"s":[{"i":[[-13.195,-5.146],[8.201,-22.583],[12.543,11.303],[-7.135,14.701]],"o":[[0,0],[0,0],[0,0],[0,0]],"v":[[7.316,-17.475],[13.864,11.058],[-8.742,14.642],[-14.151,-11.962]],"c":true}]},{"i":{"x":0.833,"y":0.833},"o":{"x":0.333,"y":0},"t":7,"s":[{"i":[[-13.195,-5.146],[8.201,-22.583],[12.543,11.303],[-7.135,14.701]],"o":[[0,0],[0,0],[0,0],[0,0]],"v":[[1.566,-20.038],[14.801,12.12],[-8.742,14.642],[-14.151,-11.962]],"c":true}]},{"i":{"x":0.833,"y":1},"o":{"x":0.167,"y":0.167},"t":12,"s":[{"i":[[-11.118,-3.412],[8.201,-22.583],[12.543,11.303],[-7.135,14.701]],"o":[[0,0],[0,0],[0,0],[0,0]],"v":[[3.229,-16.039],[19.238,15.099],[-8.742,14.642],[-13.852,-10.926]],"c":true}]},{"t":15,"s":[{"i":[[-9.64,-2.178],[8.201,-22.583],[12.543,11.303],[-7.135,14.701]],"o":[[0,0],[0,0],[0,0],[0,0]],"v":[[5.286,-16.42],[17.762,12.106],[-8.742,14.642],[-13.639,-10.189]],"c":true}]}],"ix":2},"nm":"Path 1","mn":"ADBE Vector Shape - Group","hd":false},{"ty":"fl","c":{"a":0,"k":[0.827451050282,0.654901981354,0.537254929543,1],"ix":4},"o":{"a":0,"k":100,"ix":5},"r":1,"bm":0,"nm":"Fill 1","mn":"ADBE Vector Graphic - Fill","hd":false},{"ty":"tr","p":{"a":0,"k":[0,0],"ix":2},"a":{"a":0,"k":[0,0],"ix":1},"s":{"a":0,"k":[100,100],"ix":3},"r":{"a":0,"k":0,"ix":6},"o":{"a":0,"k":100,"ix":7},"sk":{"a":0,"k":0,"ix":4},"sa":{"a":0,"k":0,"ix":5},"nm":"Transform"}],"nm":"cau vai L","np":2,"cix":2,"bm":0,"ix":1,"mn":"ADBE Vector Group","hd":false}],"ip":-2,"op":149,"st":3,"bm":0},{"ddd":0,"ind":28,"ty":4,"nm":"dui L 2","parent":17,"sr":1,"ks":{"o":{"a":0,"k":100,"ix":11},"r":{"a":0,"k":-2.688,"ix":10},"p":{"a":0,"k":[73.113,2.548,0],"ix":2,"l":2},"a":{"a":0,"k":[29.5,2.5,0],"ix":1,"l":2},"s":{"a":0,"k":[100,100,100],"ix":6,"l":2}},"ao":0,"shapes":[{"ty":"gr","it":[{"ind":0,"ty":"sh","ix":1,"ks":{"a":0,"k":{"i":[[0,0],[-11.027,-17.092],[3.074,-9.545],[8.632,-0.631],[15.465,-0.179],[0,0],[0,0]],"o":[[0,0],[0,0],[-1.94,6.024],[-6.597,0.482],[0,0],[0,0],[0,0]],"v":[[-14.28,-24.164],[40.263,-7.632],[44.126,10.119],[24.091,16.493],[-6.514,22.125],[-43.525,23.059],[-39.666,-22.566]],"c":true},"ix":2},"nm":"Path 1","mn":"ADBE Vector Shape - Group","hd":false},{"ty":"fl","c":{"a":0,"k":[0.854901969433,0.694117665291,0.580392181873,1],"ix":4},"o":{"a":0,"k":100,"ix":5},"r":1,"bm":0,"nm":"Fill 1","mn":"ADBE Vector Graphic - Fill","hd":false},{"ty":"tr","p":{"a":0,"k":[0,0],"ix":2},"a":{"a":0,"k":[0,0],"ix":1},"s":{"a":0,"k":[100,100],"ix":3},"r":{"a":0,"k":0,"ix":6},"o":{"a":0,"k":100,"ix":7},"sk":{"a":0,"k":0,"ix":4},"sa":{"a":0,"k":0,"ix":5},"nm":"Transform"}],"nm":"dui L","np":2,"cix":2,"bm":0,"ix":1,"mn":"ADBE Vector Group","hd":false}],"ip":8,"op":78,"st":3,"bm":0},{"ddd":0,"ind":29,"ty":4,"nm":"dui L","sr":1,"ks":{"o":{"a":0,"k":100,"ix":11},"r":{"a":1,"k":[{"i":{"x":[0.703],"y":[1]},"o":{"x":[0.183],"y":[0]},"t":3,"s":[0]},{"i":{"x":[0.833],"y":[1]},"o":{"x":[0.167],"y":[0]},"t":7,"s":[22.898]},{"t":8,"s":[26.196]}],"ix":10},"p":{"a":1,"k":[{"i":{"x":0.667,"y":1},"o":{"x":0.333,"y":0},"t":3,"s":[433.571,508.262,0],"to":[0.708,-0.25,0],"ti":[-0.708,0.25,0]},{"t":7,"s":[437.821,506.762,0]}],"ix":2,"l":2},"a":{"a":0,"k":[29.5,2.5,0],"ix":1,"l":2},"s":{"a":0,"k":[100,100,100],"ix":6,"l":2}},"ao":0,"shapes":[{"ty":"gr","it":[{"ind":0,"ty":"sh","ix":1,"ks":{"a":1,"k":[{"i":{"x":0.667,"y":1},"o":{"x":0.167,"y":0},"t":3,"s":[{"i":[[0,0],[-11.027,-17.092],[3.718,-13.52],[8.632,-0.631],[15.465,-0.179],[0,0],[0,0]],"o":[[0,0],[0,0],[-1.678,6.102],[-6.597,0.482],[0,0],[0,0],[0,0]],"v":[[-14.303,-22.934],[39.971,-8.322],[42.319,10.34],[25.254,20.209],[-6.722,20.992],[-43.525,23.059],[-39.666,-22.566]],"c":true}]},{"t":7,"s":[{"i":[[0,0],[-11.027,-17.092],[3.074,-9.545],[8.632,-0.631],[15.465,-0.179],[0,0],[0,0]],"o":[[0,0],[0,0],[-1.94,6.024],[-6.597,0.482],[0,0],[0,0],[0,0]],"v":[[-14.28,-24.164],[40.263,-7.632],[44.126,10.119],[24.091,16.493],[-6.514,22.125],[-43.525,23.059],[-39.666,-22.566]],"c":true}]}],"ix":2},"nm":"Path 1","mn":"ADBE Vector Shape - Group","hd":false},{"ty":"fl","c":{"a":0,"k":[0.854901969433,0.694117665291,0.580392181873,1],"ix":4},"o":{"a":0,"k":100,"ix":5},"r":1,"bm":0,"nm":"Fill 1","mn":"ADBE Vector Graphic - Fill","hd":false},{"ty":"tr","p":{"a":0,"k":[0,0],"ix":2},"a":{"a":0,"k":[0,0],"ix":1},"s":{"a":0,"k":[100,100],"ix":3},"r":{"a":0,"k":0,"ix":6},"o":{"a":0,"k":100,"ix":7},"sk":{"a":0,"k":0,"ix":4},"sa":{"a":0,"k":0,"ix":5},"nm":"Transform"}],"nm":"dui L","np":2,"cix":2,"bm":0,"ix":1,"mn":"ADBE Vector Group","hd":false}],"ip":-2,"op":9,"st":3,"bm":0},{"ddd":0,"ind":30,"ty":4,"nm":"ban tay L","parent":25,"sr":1,"ks":{"o":{"a":0,"k":100,"ix":11},"r":{"a":1,"k":[{"i":{"x":[0.649],"y":[0.592]},"o":{"x":[0.302],"y":[0]},"t":9,"s":[0]},{"i":{"x":[0.825],"y":[1]},"o":{"x":[0.407],"y":[0.427]},"t":11,"s":[11.78]},{"t":15,"s":[37.802]}],"ix":10},"p":{"a":1,"k":[{"i":{"x":0.667,"y":1},"o":{"x":0.333,"y":0},"t":3,"s":[-3.335,-43.412,0],"to":[-0.01,-2.655,0],"ti":[-1.551,3.135,0]},{"i":{"x":0.667,"y":1},"o":{"x":0.167,"y":0},"t":7,"s":[-3.395,-59.34,0],"to":[1.551,-3.135,0],"ti":[-1.561,0.481,0]},{"t":15,"s":[5.972,-62.223,0]}],"ix":2,"l":2},"a":{"a":0,"k":[0,0,0],"ix":1,"l":2},"s":{"a":0,"k":[100,100,100],"ix":6,"l":2}},"ao":0,"shapes":[{"ty":"gr","it":[{"ind":0,"ty":"sh","ix":1,"ks":{"a":1,"k":[{"i":{"x":0.84,"y":0},"o":{"x":0.167,"y":0},"t":3,"s":[{"i":[[0,0],[-10.476,-9.006],[-5.673,0.664],[0,0],[0,0],[0.162,2.005],[2.379,3.776],[0,0],[0,0]],"o":[[0,0],[0,0],[6.002,-0.702],[0,0],[0.713,-1.881],[-0.238,-2.935],[0,0],[0,0],[0,0]],"v":[[-17.586,-23.422],[-5.008,22.635],[2.845,26.197],[8.971,20.227],[16.681,-0.114],[17.544,-6.012],[14.148,-17.051],[7.99,-18.287],[2.871,-19.315]],"c":true}]},{"i":{"x":0.667,"y":1},"o":{"x":0.16,"y":1},"t":5.08,"s":[{"i":[[-0.128,-0.817],[-8.027,-10.649],[-5.673,0.664],[0,0],[0,0],[0.887,1.158],[2.451,3.029],[1.143,0.558],[0.59,-0.25]],"o":[[0.287,1.834],[0,0],[6.002,-0.702],[0,0],[-0.367,-2.239],[-1.669,-3.035],[0,0],[-2.334,-1.139],[-2.282,0.967]],"v":[[-15.034,-7.801],[-5.008,22.635],[2.845,26.197],[8.971,20.227],[10.167,6.307],[8.511,0.71],[2.982,-4.982],[-1.225,-9.061],[-4.689,-8.804]],"c":true}]},{"t":7,"s":[{"i":[[-0.21,-1.344],[-6.447,-11.709],[-5.673,0.664],[0,0],[0,0],[0.743,1.484],[2.379,3.776],[1.753,-0.875],[0.971,-0.411]],"o":[[0.473,3.018],[0,0],[6.002,-0.702],[0,0],[0.358,-2.26],[-1.666,-3.326],[0,0],[-4.69,2.34],[-3.755,1.591]],"v":[[-13.387,2.281],[-5.008,22.635],[2.845,26.197],[8.971,20.227],[7.941,10.277],[6.623,5.124],[0.19,-5.012],[-6.755,-14.122],[-5.723,-2.723]],"c":true}]}],"ix":2},"nm":"Path 1","mn":"ADBE Vector Shape - Group","hd":false},{"ty":"fl","c":{"a":0,"k":[0.854901969433,0.694117665291,0.580392181873,1],"ix":4},"o":{"a":0,"k":100,"ix":5},"r":1,"bm":0,"nm":"Fill 1","mn":"ADBE Vector Graphic - Fill","hd":false},{"ty":"tr","p":{"a":0,"k":[0,0],"ix":2},"a":{"a":0,"k":[0,0],"ix":1},"s":{"a":0,"k":[100,100],"ix":3},"r":{"a":0,"k":0,"ix":6},"o":{"a":0,"k":100,"ix":7},"sk":{"a":0,"k":0,"ix":4},"sa":{"a":0,"k":0,"ix":5},"nm":"Transform"}],"nm":"ban tay L","np":2,"cix":2,"bm":0,"ix":1,"mn":"ADBE Vector Group","hd":false}],"ip":-2,"op":149,"st":3,"bm":0},{"ddd":0,"ind":31,"ty":4,"nm":"ngon tay L","parent":30,"sr":1,"ks":{"o":{"a":0,"k":100,"ix":11},"r":{"a":1,"k":[{"i":{"x":[0.701],"y":[1]},"o":{"x":[0.211],"y":[0]},"t":3,"s":[0]},{"t":7,"s":[-29.268]}],"ix":10},"p":{"a":1,"k":[{"i":{"x":0.667,"y":1},"o":{"x":0.333,"y":0},"t":3,"s":[-3.652,-21.885,0],"to":[-0.142,0.722,0],"ti":[0.452,-2.302,0]},{"t":7,"s":[-7.219,-3.742,0]}],"ix":2,"l":2},"a":{"a":0,"k":[0,0,0],"ix":1,"l":2},"s":{"a":0,"k":[100,100,100],"ix":6,"l":2}},"ao":0,"shapes":[{"ty":"gr","it":[{"ind":0,"ty":"sh","ix":1,"ks":{"a":1,"k":[{"i":{"x":0.84,"y":0},"o":{"x":0.167,"y":0},"t":3,"s":[{"i":[[0,0],[0.184,2.665],[4.962,1.103],[5.031,-0.276],[2.895,-0.034],[1.562,-1.103],[3.822,-3.492],[-4.503,-0.787],[-1.895,2.205],[-0.242,-2.059],[-2.23,0.882],[-1.344,2.102],[-4.411,-0.414],[-2.426,2.803],[-2.205,-1.195],[-4.641,2.343],[0,0]],"o":[[0,0],[0,0],[0,0],[0,0],[0,0],[0,0],[0,0],[0,0],[0,0],[0.15,1.281],[0,0],[0,0],[0,0],[0,0],[0,0],[0,0],[0,0]],"v":[[13.298,7.546],[18.417,5.899],[10.234,-1.537],[1.665,-5.902],[-3.366,-7.97],[-8.512,-6.683],[-15.442,-5.121],[-16.702,1.886],[-11.912,-0.044],[-13.187,3.532],[-9.707,4.919],[-5.985,1.955],[-4.331,6.814],[1.513,3.977],[2.377,7.515],[9.499,6.642],[11.521,5.631]],"c":true}]},{"i":{"x":0.84,"y":0},"o":{"x":0.16,"y":1},"t":3.96,"s":[{"i":[[0,0],[-0.247,2.52],[2.814,1.99],[3.661,1.178],[2.52,-0.624],[1.408,-1.098],[3.342,-3.158],[-2.38,-1.776],[-1.121,0.886],[0,-1.97],[-1.805,0.073],[-1.333,1.044],[-3.785,-0.492],[-2.455,2.227],[-1.204,-0.451],[-2.652,1.619],[0,0]],"o":[[0,0],[0,0],[0,0],[0,0],[0,0],[0,0],[0,0],[0,0],[0,0],[0,1.229],[0,0],[0,0],[0,0],[0,0],[-0.083,-0.458],[0,0],[0,0]],"v":[[9.709,8.472],[13.168,6.873],[9.015,0.265],[3.666,-4.296],[-0.861,-5.372],[-5.228,-3.777],[-10.434,-1.877],[-12.584,4.68],[-9.971,4.924],[-11.041,7.915],[-8.628,10.494],[-5.639,9.454],[-3.659,12.84],[3.395,10.865],[4.189,11.918],[8.055,10.414],[8.97,8.376]],"c":true}]},{"i":{"x":0.84,"y":0},"o":{"x":0.16,"y":1},"t":4.28,"s":[{"i":[[0,0],[-0.291,2.464],[1.727,2.267],[3.122,1.602],[2.315,-1.024],[1.275,-1.174],[2.945,-3.195],[-1.548,-2.069],[-0.73,0.372],[-0.007,-1.927],[-1.611,-0.178],[-1.265,0.655],[-3.531,-0.309],[-2.336,2.111],[-0.79,-0.057],[-1.686,1.451],[0,0]],"o":[[0,0],[0,0],[0,0],[0,0],[0,0],[0,0],[0,0],[0,0],[0,0],[0.004,1.204],[0,0],[0,0],[0,0],[0,0],[-0.145,-0.652],[0,0],[0,0]],"v":[[8.354,8.498],[9.807,6.749],[6.938,-2.729],[3.026,-7.105],[-1.331,-7.488],[-5.257,-5.513],[-9.591,-3.173],[-11.751,3.295],[-10.081,4.339],[-10.889,7.129],[-8.801,10.086],[-6.198,9.718],[-3.887,12.341],[3.567,10.345],[4.389,10.266],[6.337,9.674],[7.742,8.964]],"c":true}]},{"i":{"x":0.84,"y":0},"o":{"x":0.16,"y":1},"t":4.6,"s":[{"i":[[0,0],[-0.336,2.409],[0.64,2.544],[2.582,2.026],[2.11,-1.424],[1.143,-1.249],[2.548,-3.232],[-0.717,-2.361],[-0.339,-0.142],[-0.013,-1.884],[-1.417,-0.428],[-1.198,0.266],[-3.278,-0.127],[-2.216,1.994],[-0.376,0.337],[-0.719,1.282],[0,0]],"o":[[0,0],[0,0],[0,0],[0,0],[0,0],[0,0],[0,0],[0,0],[0,0],[0.008,1.179],[0,0],[0,0],[0,0],[0,0],[-0.207,-0.846],[0,0],[0,0]],"v":[[4.972,1.514],[5.012,-1.431],[4.861,-5.724],[2.386,-9.914],[-1.802,-9.603],[-5.287,-7.248],[-8.748,-4.469],[-10.918,1.91],[-10.19,3.755],[-10.737,6.343],[-8.974,9.678],[-6.756,9.982],[-4.115,11.842],[3.739,9.825],[4.589,8.613],[5.421,6.123],[5.134,3.093]],"c":true}]},{"i":{"x":0.667,"y":1},"o":{"x":0.16,"y":1},"t":5.08,"s":[{"i":[[0,0],[-0.402,2.327],[-0.096,2.77],[1.773,2.662],[1.802,-2.025],[0.943,-1.363],[1.952,-3.288],[0.531,-2.8],[0.247,-0.914],[-0.023,-1.819],[-1.126,-0.804],[-1.097,-0.317],[-2.897,0.147],[-2.037,1.819],[0.246,0.929],[0.731,1.028],[0,0]],"o":[[0,0],[0,0],[0,0],[0,0],[0,0],[0,0],[0,0],[0,0],[0,0],[0.015,1.142],[0,0],[0,0],[0,0],[0,0],[-0.301,-1.138],[0,0],[0,0]],"v":[[1.42,-3.704],[1.996,-5.904],[2.719,-10.368],[1.426,-14.128],[-2.508,-12.777],[-5.331,-9.852],[-7.483,-6.413],[-9.669,-0.168],[-10.355,2.877],[-10.509,5.164],[-9.233,9.066],[-7.594,10.379],[-4.457,11.093],[3.998,9.045],[4.889,6.133],[3.446,2.905],[2.257,-0.869]],"c":true}]},{"t":7,"s":[{"i":[[0,0],[-0.846,2.635],[-0.391,1.604],[3.583,0.168],[1.478,-3.783],[0.74,-1.847],[1.146,-3.915],[0.86,-3.797],[0.209,-1.553],[0.092,-2.071],[-0.672,-2.062],[-1.186,-1.939],[-2.564,0.572],[-2.221,1.614],[-0.225,2.628],[-0.171,3.89],[0,0]],"o":[[0,0],[0,0],[0,0],[0,0],[0,0],[0,0],[0,0],[0,0],[0,0],[-0.058,1.309],[0,0],[0,0],[0,0],[0,0],[0,0],[0,0],[0,0]],"v":[[1.121,-10.323],[2.641,-14.557],[4.009,-18.285],[3.82,-25.184],[-0.268,-21.282],[-2.192,-16.614],[-4.24,-11.638],[-6.157,-5.451],[-7.811,0.084],[-8.694,4.927],[-8.051,9.891],[-6.626,12.393],[-2.888,11.951],[0.13,10.47],[-0.371,5.116],[-0.252,-1.562],[0.074,-6.919]],"c":true}]}],"ix":2},"nm":"Path 1","mn":"ADBE Vector Shape - Group","hd":false},{"ty":"fl","c":{"a":0,"k":[0.854901969433,0.694117665291,0.580392181873,1],"ix":4},"o":{"a":0,"k":100,"ix":5},"r":1,"bm":0,"nm":"Fill 1","mn":"ADBE Vector Graphic - Fill","hd":false},{"ty":"tr","p":{"a":0,"k":[0,0],"ix":2},"a":{"a":0,"k":[0,0],"ix":1},"s":{"a":0,"k":[100,100],"ix":3},"r":{"a":0,"k":0,"ix":6},"o":{"a":0,"k":100,"ix":7},"sk":{"a":0,"k":0,"ix":4},"sa":{"a":0,"k":0,"ix":5},"nm":"Transform"}],"nm":"ngon tay L","np":2,"cix":2,"bm":0,"ix":1,"mn":"ADBE Vector Group","hd":false}],"ip":-2,"op":149,"st":3,"bm":0},{"ddd":0,"ind":32,"ty":4,"nm":"bong tay L","parent":30,"sr":1,"ks":{"o":{"a":1,"k":[{"i":{"x":[0.833],"y":[0.833]},"o":{"x":[0.167],"y":[0.167]},"t":3,"s":[0]},{"i":{"x":[0.833],"y":[0.833]},"o":{"x":[0.167],"y":[0.167]},"t":4.92,"s":[0]},{"i":{"x":[0.833],"y":[0.833]},"o":{"x":[0.167],"y":[0.167]},"t":5.08,"s":[100]},{"i":{"x":[0.833],"y":[0.833]},"o":{"x":[0.167],"y":[0.167]},"t":7,"s":[100]},{"i":{"x":[0.833],"y":[0.833]},"o":{"x":[0.167],"y":[0.167]},"t":14.8,"s":[100]},{"t":15,"s":[100]}],"ix":11},"r":{"a":0,"k":-121.412,"ix":10},"p":{"a":0,"k":[-6.986,-10.078,0],"ix":2,"l":2},"a":{"a":0,"k":[0,0,0],"ix":1,"l":2},"s":{"a":0,"k":[100,100,100],"ix":6,"l":2}},"ao":0,"shapes":[{"ty":"gr","it":[{"ind":0,"ty":"sh","ix":1,"ks":{"a":1,"k":[{"i":{"x":0.833,"y":0.833},"o":{"x":0.167,"y":0.167},"t":3,"s":[{"i":[[0,0],[0.554,-1.248],[4.277,0.724],[2.143,1.47],[2.451,-0.251],[3.743,1.661],[0,0],[-12.887,-4.417]],"o":[[0,0],[0,0],[0,0],[0,0],[0,0],[0,0],[0,0],[0,0]],"v":[[18.071,1.421],[20.636,4.053],[16.303,5.999],[8.883,2.223],[7.584,4.697],[-6.494,0.352],[-20.702,-3.461],[6.784,-4.372]],"c":true}]},{"i":{"x":0.833,"y":0.833},"o":{"x":0.167,"y":0.167},"t":5.08,"s":[{"i":[[0,0],[0.554,-1.248],[1.875,2.343],[2.143,1.47],[2.451,-0.251],[3.743,1.661],[0,0],[-7.105,-4.952]],"o":[[0,0],[0,0],[0,0],[0,0],[0,0],[0,0],[0,0],[7.105,4.952]],"v":[[13.002,1.985],[13.74,5.86],[10.63,5.253],[6.413,1.093],[5.115,3.567],[-8.964,-0.779],[-23.172,-4.591],[4.629,-5.621]],"c":true}]},{"i":{"x":0.833,"y":0.833},"o":{"x":0.167,"y":0.167},"t":5.88,"s":[{"i":[[0,0],[0.554,-1.248],[4.277,0.724],[2.143,1.47],[2.451,-0.251],[3.743,1.661],[0,0],[-12.887,-4.417]],"o":[[0,0],[0,0],[0,0],[0,0],[0,0],[0,0],[0,0],[0,0]],"v":[[18.071,1.421],[20.636,4.053],[16.303,5.999],[8.883,2.223],[7.584,4.697],[-6.494,0.352],[-20.702,-3.461],[6.784,-4.372]],"c":true}]},{"t":7,"s":[{"i":[[0,0],[0.554,-1.248],[4.277,0.724],[2.143,1.47],[2.451,-0.251],[3.743,1.661],[0,0],[-12.887,-4.417]],"o":[[0,0],[0,0],[0,0],[0,0],[0,0],[0,0],[0,0],[0,0]],"v":[[18.071,1.421],[20.636,4.053],[16.303,5.999],[8.883,2.223],[7.584,4.697],[-6.494,0.352],[-20.702,-3.461],[6.784,-4.372]],"c":true}]}],"ix":2},"nm":"Path 1","mn":"ADBE Vector Shape - Group","hd":false},{"ty":"fl","c":{"a":0,"k":[0.78823530674,0.580392181873,0.490196079016,1],"ix":4},"o":{"a":0,"k":100,"ix":5},"r":1,"bm":0,"nm":"Fill 1","mn":"ADBE Vector Graphic - Fill","hd":false},{"ty":"tr","p":{"a":0,"k":[0,0],"ix":2},"a":{"a":0,"k":[0,0],"ix":1},"s":{"a":0,"k":[100,100],"ix":3},"r":{"a":0,"k":0,"ix":6},"o":{"a":0,"k":100,"ix":7},"sk":{"a":0,"k":0,"ix":4},"sa":{"a":0,"k":0,"ix":5},"nm":"Transform"}],"nm":"Group 1","np":2,"cix":2,"bm":0,"ix":1,"mn":"ADBE Vector Group","hd":false}],"ip":-2,"op":149,"st":3,"bm":0},{"ddd":0,"ind":33,"ty":1,"nm":"White Solid 1","sr":1,"ks":{"o":{"a":0,"k":100,"ix":11},"r":{"a":0,"k":0,"ix":10},"p":{"a":0,"k":[360,360,0],"ix":2,"l":2},"a":{"a":0,"k":[360,360,0],"ix":1,"l":2},"s":{"a":0,"k":[100,100,100],"ix":6,"l":2}},"ao":0,"sw":720,"sh":720,"sc":"#f5f5f5","ip":-2,"op":149,"st":3,"bm":0}]}],"layers":[{"ddd":0,"ind":1,"ty":0,"nm":"jumping_squats_loop","refId":"comp_0","sr":1,"ks":{"o":{"a":0,"k":100,"ix":11},"r":{"a":0,"k":0,"ix":10},"p":{"a":0,"k":[360,360,0],"ix":2,"l":2},"a":{"a":0,"k":[360,360,0],"ix":1,"l":2},"s":{"a":0,"k":[100,100,100],"ix":6,"l":2}},"ao":0,"tm":{"a":1,"k":[{"i":{"x":[0.833],"y":[0.833]},"o":{"x":[0.167],"y":[0.167]},"t":0,"s":[0]},{"t":16,"s":[0.64]}],"ix":2,"x":"var $bm_rt;\n$bm_rt = loopOut('pingpong');"},"w":720,"h":720,"ip":0,"op":146,"st":0,"bm":0}],"markers":[{"tm":16,"cm":"2","dr":0},{"tm":25,"cm":"1","dr":0}]}