[{
  "version": "1.0",
  "image": {
    "name": "/home/videosdownloader/public_html/image/public/uploadt/side lying floor stretch right.jpg",
    "baseName": "side lying floor stretch right.jpg",
    "format": "JPEG",
    "formatDescription": "JPEG",
    "mimeType": "image/jpeg",
    "class": "DirectClass",
    "geometry": {
      "width": 320,
      "height": 238,
      "x": 0,
      "y": 0
    },
    "units": "Undefined",
    "type": "TrueColor",
    "baseType": "Undefined",
    "endianness": "Undefined",
    "colorspace": "sRGB",
    "depth": 8,
    "baseDepth": 8,
    "channelDepth": {
      "red": 8,
      "green": 8,
      "blue": 1
    },
    "pixels": 228480,
    "imageStatistics": {
      "Overall": {
        "min": 0,
        "max": 255,
        "mean": 228.2,
        "median": 255,
        "standardDeviation": 13947.7,
        "kurtosis": 5.892,
        "skewness": -2.57233,
        "entropy": 0.553128
      }
    },
    "channelStatistics": {
      "red": {
        "min": 0,
        "max": 255,
        "mean": 223.379,
        "median": 255,
        "standardDeviation": 15343.7,
        "kurtosis": 4.5882,
        "skewness": -2.37758,
        "entropy": 0.574732
      },
      "green": {
        "min": 0,
        "max": 255,
        "mean": 229.639,
        "median": 255,
        "standardDeviation": 13315.8,
        "kurtosis": 6.89461,
        "skewness": -2.71025,
        "entropy": 0.572344
      },
      "blue": {
        "min": 0,
        "max": 255,
        "mean": 231.582,
        "median": 255,
        "standardDeviation": 13183.6,
        "kurtosis": 6.30857,
        "skewness": -2.62447,
        "entropy": 0.512309
      }
    },
    "renderingIntent": "Perceptual",
    "gamma": 0.454545,
    "chromaticity": {
      "redPrimary": {
        "x": 0.64,
        "y": 0.33
      },
      "greenPrimary": {
        "x": 0.3,
        "y": 0.6
      },
      "bluePrimary": {
        "x": 0.15,
        "y": 0.06
      },
      "whitePrimary": {
        "x": 0.3127,
        "y": 0.329
      }
    },
    "matteColor": "#BDBDBD",
    "backgroundColor": "#FFFFFF",
    "borderColor": "#DFDFDF",
    "transparentColor": "#00000000",
    "interlace": "None",
    "intensity": "Undefined",
    "compose": "Over",
    "pageGeometry": {
      "width": 320,
      "height": 238,
      "x": 0,
      "y": 0
    },
    "dispose": "Undefined",
    "iterations": 0,
    "compression": "JPEG",
    "quality": 93,
    "orientation": "Undefined",
    "properties": {
      "date:create": "2022-05-05T08:59:18+00:00",
      "date:modify": "2022-05-05T08:59:18+00:00",
      "exif:Software": "Google",
      "jpeg:colorspace": "2",
      "jpeg:sampling-factor": "1x1,1x1,1x1",
      "signature": "2085cebbaba77e9cc635a617273d9922cff3cf168fbcd17ea71a09202be2dc50"
    },
    "profiles": {
      "exif": {
        "length": 40
      }
    },
    "tainted": false,
    "filesize": "13602B",
    "numberPixels": "76160",
    "pixelsPerSecond": "21.5327MB",
    "userTime": "0.000u",
    "elapsedTime": "0:01.003",
    "version": "ImageMagick 7.0.10-58 Q16 x86_64 2021-01-14 https://imagemagick.org"
  }
}]