[{
  "version": "1.0",
  "image": {
    "name": "/home/videosdownloader/public_html/image/public/uploadt/spine lumbar twist stretch left.jpg",
    "baseName": "spine lumbar twist stretch left.jpg",
    "format": "JPEG",
    "formatDescription": "JPEG",
    "mimeType": "image/jpeg",
    "class": "DirectClass",
    "geometry": {
      "width": 1280,
      "height": 720,
      "x": 0,
      "y": 0
    },
    "units": "Undefined",
    "type": "TrueColor",
    "baseType": "Undefined",
    "endianness": "Undefined",
    "colorspace": "sRGB",
    "depth": 8,
    "baseDepth": 8,
    "channelDepth": {
      "red": 8,
      "green": 8,
      "blue": 1
    },
    "pixels": 2764800,
    "imageStatistics": {
      "Overall": {
        "min": 0,
        "max": 255,
        "mean": 240.173,
        "median": 251.333,
        "standardDeviation": 8819.4,
        "kurtosis": 18.7539,
        "skewness": -4.2242,
        "entropy": 0.392753
      }
    },
    "channelStatistics": {
      "red": {
        "min": 1,
        "max": 255,
        "mean": 239.257,
        "median": 251,
        "standardDeviation": 9225.07,
        "kurtosis": 19.9111,
        "skewness": -4.4809,
        "entropy": 0.400728
      },
      "green": {
        "min": 9,
        "max": 255,
        "mean": 243.454,
        "median": 253,
        "standardDeviation": 8432.55,
        "kurtosis": 18.6536,
        "skewness": -4.15323,
        "entropy": 0.384491
      },
      "blue": {
        "min": 0,
        "max": 255,
        "mean": 237.807,
        "median": 250,
        "standardDeviation": 8800.59,
        "kurtosis": 17.38,
        "skewness": -4.02753,
        "entropy": 0.393039
      }
    },
    "renderingIntent": "Perceptual",
    "gamma": 0.454545,
    "chromaticity": {
      "redPrimary": {
        "x": 0.64,
        "y": 0.33
      },
      "greenPrimary": {
        "x": 0.3,
        "y": 0.6
      },
      "bluePrimary": {
        "x": 0.15,
        "y": 0.06
      },
      "whitePrimary": {
        "x": 0.3127,
        "y": 0.329
      }
    },
    "matteColor": "#BDBDBD",
    "backgroundColor": "#FFFFFF",
    "borderColor": "#DFDFDF",
    "transparentColor": "#00000000",
    "interlace": "None",
    "intensity": "Undefined",
    "compose": "Over",
    "pageGeometry": {
      "width": 1280,
      "height": 720,
      "x": 0,
      "y": 0
    },
    "dispose": "Undefined",
    "iterations": 0,
    "compression": "JPEG",
    "quality": 94,
    "orientation": "Undefined",
    "properties": {
      "date:create": "2022-05-05T07:42:02+00:00",
      "date:modify": "2022-05-05T07:42:02+00:00",
      "jpeg:colorspace": "2",
      "jpeg:sampling-factor": "2x2,1x1,1x1",
      "signature": "f17bd18b15dabb9ebd8ca6eacd3d2966feb576ba0ca52a425f4fcd621921849a"
    },
    "tainted": false,
    "filesize": "32545B",
    "numberPixels": "921600",
    "pixelsPerSecond": "30.319MB",
    "userTime": "0.030u",
    "elapsedTime": "0:01.030",
    "version": "ImageMagick 7.0.10-58 Q16 x86_64 2021-01-14 https://imagemagick.org"
  }
}]